employee_id,full_name,department,role,manager_id,location,shift,joining_date,salary_band,employment_status
1001,Katherine Boyd,Finance,Manager,1082,Bangalore,Night,2022-02-03,L4,Active
1002,Amy Nelson,Finance,Team Lead,1098,Jaipur,Morning,2024-08-23,L1,Active
1003,Robert Klein,HR,Associate,1093,Pune,Morning,2022-05-01,L4,Inactive
1004,Samantha Cruz,Finance,Associate,1004,Pune,Evening,2022-08-04,L2,Active
1005,Tammy Simpson,Sales,Senior Analyst,1037,Hyderabad,Morning,2024-09-13,L4,Active
1006,Lauren Jarvis,Operations,Associate,1032,Jaipur,Night,2021-08-01,L2,Inactive
1007,Tabitha Anderson,Technology,Team Lead,1082,Mumbai,Morning,2025-06-23,L3,Active
1008,Cathy Alvarez,Operations,Senior Analyst,1020,Remote,Morning,2024-06-24,L3,Inactive
1009,Scott Smith,Technology,Senior Analyst,1020,Mumbai,Night,2023-12-28,L4,Active
1010,Dawn Odonnell,Technology,Executive,1091,Hyderabad,General,2025-02-20,L1,Active
1011,Omar Taylor,Technology,Team Lead,1035,Bangalore,Morning,2024-09-18,L2,Inactive
1012,Pamela Ellison,Customer Support,Associate,1007,Pune,Night,2024-02-17,L1,Active
1013,Tanya Moore,Customer Support,Senior Analyst,1042,Hyderabad,General,2022-04-09,L1,Inactive
1014,Shannon Reeves,Technology,Team Lead,1058,Mumbai,Evening,2022-11-14,L1,Inactive
1015,Angela Watson,Finance,Analyst,1074,Bangalore,General,2026-03-31,L4,Active
1016,Dawn Franklin,HR,Executive,1089,Remote,Morning,2023-10-26,L2,Active
1017,Patrick Donovan,HR,Manager,1029,Jaipur,Morning,2024-01-10,L3,Active
1018,Eric Carpenter II,Compliance,Senior Analyst,1035,Pune,General,2024-07-28,L1,Inactive
1019,Katherine Martinez,Operations,Executive,1028,Bangalore,Night,2024-04-06,L4,Inactive
1020,Erin Jensen,Sales,Analyst,1017,Bangalore,Night,2025-08-08,L2,Active
1021,Amy Ortiz,Customer Support,Manager,1088,Pune,General,2022-02-25,L1,Inactive
1022,John Martin,Finance,Associate,1037,Hyderabad,General,2021-10-01,L3,Active
1023,Sierra Garcia,HR,Team Lead,1063,Pune,Night,2025-02-19,L3,Active
1024,Tamara Kerr,Compliance,Team Lead,1018,Hyderabad,Morning,2022-06-16,L1,Active
1025,Julie Cook,Operations,Manager,1055,Remote,Night,2021-08-25,L1,Active
1026,Jonathan Rogers,Sales,Executive,1078,Bangalore,General,2024-06-24,L4,Active
1027,Sandra Flynn,Operations,Coordinator,1099,Bangalore,Morning,2025-08-05,L4,Active
1028,David Taylor,Sales,Manager,1021,Pune,General,2021-09-03,L4,Inactive
1029,Carlos Mendez,Technology,Analyst,1083,Pune,Night,2024-02-22,L4,Active
1030,Brandy Lowery,Operations,Team Lead,1068,Mumbai,Morning,2022-12-10,L2,Active
1031,Noah Sanchez,Operations,Analyst,1069,Hyderabad,Morning,2022-08-31,L1,Active
1032,Stacey Hampton,Sales,Executive,1010,Bangalore,Evening,2023-10-10,L3,Inactive
1033,John Singh,Compliance,Coordinator,1047,Jaipur,General,2025-12-24,L3,Inactive
1034,Amanda Campbell,Finance,Associate,1053,Jaipur,Morning,2024-02-18,L1,Inactive
1035,Courtney Ferguson,Sales,Analyst,1086,Pune,Evening,2025-01-08,L2,Active
1036,Melissa Blake,HR,Analyst,1095,Hyderabad,General,2022-06-30,L4,Active
1037,Allison Miller,Sales,Executive,1012,Jaipur,Night,2022-12-28,L4,Active
1038,Erin Barrera,Sales,Executive,1059,Bangalore,General,2022-12-23,L3,Active
1039,Justin Smith,HR,Executive,1011,Bangalore,Night,2025-02-24,L2,Inactive
1040,Mackenzie Lopez,Compliance,Team Lead,1052,Remote,General,2025-11-19,L2,Active
1041,Trevor Kerr,Customer Support,Analyst,1088,Pune,Morning,2022-12-03,L1,Active
1042,Krystal Wood,Compliance,Executive,1074,Jaipur,General,2025-03-01,L2,Active
1043,Anthony Hernandez,Sales,Team Lead,1026,Bangalore,Evening,2026-01-06,L1,Active
1044,Victoria Jones,Operations,Analyst,1067,Mumbai,General,2022-11-23,L1,Active
1045,Jared Davies,Compliance,Senior Analyst,1091,Jaipur,General,2023-08-30,L3,Active
1046,James Myers,Operations,Senior Analyst,1067,Pune,General,2023-07-17,L3,Inactive
1047,Stephanie Moody,Technology,Analyst,1034,Remote,Morning,2023-07-04,L2,Active
1048,Ashley Valencia,HR,Senior Analyst,1088,Pune,Night,2023-07-02,L4,Inactive
1049,Elizabeth Jones,HR,Associate,1076,Jaipur,General,2024-04-11,L3,Active
1050,Joseph Allen,Sales,Associate,1042,Jaipur,Evening,2022-09-30,L1,Active
1051,Franklin Adams,Compliance,Associate,1084,Hyderabad,General,2025-06-28,L3,Inactive
1052,Donna Smith,Operations,Manager,1081,Remote,Evening,2026-04-10,L4,Active
1053,Nicole Sparks,Sales,Executive,1019,Jaipur,Evening,2022-05-20,L1,Active
1054,Jonathon Martinez DVM,Finance,Executive,1071,Pune,Morning,2023-06-28,L2,Active
1055,Robert Evans,Compliance,Coordinator,1041,Jaipur,Morning,2023-08-31,L3,Inactive
1056,Wesley Rivera,Technology,Analyst,1094,Hyderabad,General,2022-12-20,L2,Active
1057,Mark Martin,Sales,Senior Analyst,1089,Remote,General,2025-05-17,L1,Active
1058,Kimberly Curtis,HR,Associate,1071,Mumbai,Evening,2025-11-23,L4,Active
1059,Rachel Thomas,Customer Support,Manager,1001,Hyderabad,Evening,2024-08-01,L3,Inactive
1060,Omar Martinez,Compliance,Associate,1060,Hyderabad,Night,2022-07-29,L1,Active
1061,Miranda Gonzalez,Finance,Team Lead,1026,Mumbai,General,2025-02-13,L3,Active
1062,Michael Richardson,Technology,Team Lead,1083,Bangalore,Evening,2025-11-23,L3,Inactive
1063,Laura Guerra,HR,Senior Analyst,1040,Bangalore,Evening,2023-02-27,L2,Active
1064,Allison Jimenez,Finance,Coordinator,1013,Remote,Evening,2023-03-18,L3,Active
1065,Janice Jackson,Sales,Associate,1099,Bangalore,Morning,2022-11-16,L4,Active
1066,Stephanie Montgomery,Sales,Manager,1090,Pune,General,2023-03-20,L4,Active
1067,Martha Campbell,Technology,Senior Analyst,1054,Bangalore,Evening,2024-02-12,L3,Inactive
1068,Christina Mack,HR,Executive,1051,Jaipur,Night,2022-09-14,L3,Active
1069,Devin Chavez,Sales,Team Lead,1015,Hyderabad,Night,2026-02-20,L3,Active
1070,Kristen Harrell,Customer Support,Executive,1080,Bangalore,General,2022-09-22,L4,Inactive
1071,Andrew Alvarado,Customer Support,Coordinator,1028,Bangalore,General,2024-04-09,L3,Inactive
1072,Michaela Sawyer,HR,Team Lead,1067,Hyderabad,Night,2022-02-20,L2,Active
1073,Jack Blake,Customer Support,Executive,1022,Mumbai,General,2025-01-04,L3,Active
1074,Barbara Kirby,Finance,Analyst,1033,Jaipur,General,2022-04-25,L2,Active
1075,Eugene Donovan,Operations,Associate,1081,Bangalore,General,2024-12-21,L2,Active
1076,Donald Gilbert,Operations,Coordinator,1014,Jaipur,Night,2023-11-27,L1,Active
1077,Nicole Daniels,Operations,Team Lead,1052,Hyderabad,Evening,2024-05-29,L3,Active
1078,Emily Barron,HR,Associate,1064,Remote,Evening,2025-04-06,L3,Active
1079,Erica Sloan,Technology,Senior Analyst,1034,Bangalore,Evening,2024-04-27,L4,Active
1080,Michelle Miller,Sales,Analyst,1040,Bangalore,Evening,2022-04-21,L2,Active
1081,Ricky Luna,Technology,Associate,1006,Mumbai,General,2024-02-08,L3,Active
1082,David Roman,Sales,Senior Analyst,1034,Pune,Night,2022-07-08,L2,Active
1083,John Martinez,HR,Executive,1087,Hyderabad,Night,2022-03-27,L2,Active
1084,John Paul,Technology,Executive,1064,Pune,Night,2023-01-23,L4,Inactive
1085,Cynthia Mack,Finance,Associate,1026,Jaipur,Morning,2026-05-25,L1,Active
1086,George Campbell,Finance,Team Lead,1019,Mumbai,Night,2023-11-06,L4,Active
1087,Valerie Mills,Technology,Coordinator,1051,Mumbai,General,2026-01-12,L3,Active
1088,Brittney Noble,Operations,Associate,1045,Bangalore,General,2022-10-10,L4,Inactive
1089,Rodney Cooke,Compliance,Team Lead,1094,Jaipur,Night,2025-07-14,L1,Inactive
1090,Wendy Paul DDS,Compliance,Associate,1100,Hyderabad,General,2024-10-09,L2,Inactive
1091,Jacob Edwards,Customer Support,Executive,1074,Pune,General,2024-04-20,L1,Active
1092,Daisy Johnson,Sales,Senior Analyst,1006,Jaipur,General,2025-12-10,L2,Active
1093,Justin Clark,Customer Support,Senior Analyst,1042,Mumbai,General,2021-07-03,L4,Active
1094,Austin Pace,Finance,Associate,1036,Remote,General,2025-12-29,L1,Inactive
1095,Robert Grant,Customer Support,Manager,1078,Bangalore,Morning,2024-05-01,L1,Active
1096,Samantha Peters,HR,Executive,1013,Bangalore,Morning,2025-10-20,L3,Active
1097,James Duncan,HR,Executive,1075,Hyderabad,Evening,2021-11-25,L4,Inactive
1098,Alan Brooks,Compliance,Senior Analyst,1024,Remote,General,2026-04-11,L2,Active
1099,Jay Griffin,Compliance,Team Lead,1001,Mumbai,Evening,2021-10-02,L3,Active
1100,Brandon Moody,Finance,Senior Analyst,1009,Hyderabad,Morning,2022-08-03,L2,Active
1101,Martin Sutton,Technology,Associate,1089,Hyderabad,General,2025-05-05,L1,Active
1102,Lisa Mcintosh,Customer Support,Associate,1013,Mumbai,General,2025-03-21,L3,Active
1103,Daniel Hays,Customer Support,Analyst,1068,Pune,Morning,2022-11-08,L2,Active
1104,Amy Floyd,Compliance,Associate,1095,Mumbai,Morning,2024-08-12,L2,Active
1105,Rebecca Palmer,Technology,Coordinator,1056,Remote,Evening,2023-06-27,L1,Inactive
1106,Fred Green,Finance,Analyst,1056,Mumbai,Evening,2022-11-19,L1,Active
1107,Dr. Debra Pacheco MD,Finance,Analyst,1070,Pune,Evening,2025-05-06,L3,Active
1108,Brianna Rodgers,Customer Support,Manager,1042,Remote,Morning,2023-10-18,L4,Active
1109,Andrea Farley,Technology,Senior Analyst,1039,Bangalore,General,2024-10-23,L2,Active
1110,Christian Williamson,Customer Support,Manager,1093,Jaipur,Evening,2022-09-24,L3,Active
1111,Lauren Anderson,Technology,Team Lead,1060,Hyderabad,Night,2026-05-18,L4,Inactive
1112,David Chaney,Operations,Team Lead,1002,Bangalore,General,2024-12-23,L4,Active
1113,Edward Brown,Sales,Coordinator,1028,Remote,General,2022-01-01,L2,Active
1114,Sarah Meyer,Customer Support,Coordinator,1034,Hyderabad,Evening,2023-05-02,L4,Inactive
1115,Christina Spears,Compliance,Associate,1038,Hyderabad,Morning,2025-10-11,L2,Inactive
1116,Sarah Bell MD,Operations,Manager,1042,Jaipur,General,2025-03-19,L4,Inactive
1117,Brian Rogers,Compliance,Senior Analyst,1058,Mumbai,Night,2022-01-19,L3,Active
1118,Regina Braun,Sales,Team Lead,1004,Remote,Evening,2025-03-11,L2,Inactive
1119,Douglas Stewart,Operations,Team Lead,1001,Pune,Night,2025-01-12,L3,Inactive
1120,Melissa Hendrix,Technology,Manager,1070,Hyderabad,Evening,2026-01-07,L2,Active
1121,Erik Jackson,Sales,Analyst,1007,Remote,Evening,2024-08-20,L4,Active
1122,Dylan Wilson,Technology,Manager,1051,Pune,General,2022-05-12,L2,Inactive
1123,Brianna Graham,Technology,Analyst,1059,Mumbai,Evening,2023-10-30,L2,Active
1124,Zachary Greene,Technology,Manager,1027,Bangalore,Night,2023-08-28,L3,Active
1125,Stephanie Miranda,Finance,Team Lead,1024,Mumbai,Morning,2024-09-22,L1,Active
1126,Justin Moreno,Sales,Associate,1034,Jaipur,Morning,2022-08-04,L4,Inactive
1127,Jennifer Cross,Sales,Team Lead,1090,Remote,Morning,2024-03-05,L1,Active
1128,Rodney Harrington,Technology,Manager,1074,Pune,Morning,2025-04-30,L3,Active
1129,Megan Hernandez,Customer Support,Manager,1094,Mumbai,Evening,2023-09-03,L4,Active
1130,Alison Edwards,Finance,Associate,1034,Pune,Morning,2024-04-25,L1,Inactive
1131,Richard Young,Sales,Manager,1049,Remote,Night,2021-06-19,L2,Active
1132,Amber Santana,HR,Senior Analyst,1029,Hyderabad,Morning,2022-05-09,L1,Active
1133,Lauren Spencer,Technology,Coordinator,1054,Jaipur,Morning,2024-12-08,L2,Active
1134,Dana Perez,Technology,Manager,1008,Hyderabad,Night,2023-02-27,L2,Active
1135,Tammy Mata,Operations,Analyst,1093,Mumbai,Evening,2022-01-23,L3,Active
1136,Stacy Kelly,Operations,Team Lead,1035,Jaipur,Evening,2024-10-22,L4,Inactive
1137,Benjamin Grimes,Operations,Executive,1086,Remote,General,2022-06-14,L1,Active
1138,Alexis Vega,HR,Associate,1017,Remote,Morning,2022-08-02,L1,Active
1139,Brandy Fuller,Customer Support,Senior Analyst,1045,Mumbai,Evening,2024-03-25,L4,Active
1140,Tiffany Thompson,Finance,Analyst,1009,Remote,Morning,2022-10-28,L3,Active
1141,Hector Hernandez,Operations,Manager,1083,Remote,General,2024-09-18,L4,Active
1142,James Larson,Finance,Associate,1050,Remote,Evening,2026-05-11,L1,Active
1143,Samuel Williams,Technology,Analyst,1059,Mumbai,Evening,2025-01-12,L2,Active
1144,Yvette Schultz,Sales,Analyst,1095,Mumbai,Morning,2025-08-30,L1,Active
1145,Tyler Sanchez,Sales,Manager,1042,Jaipur,Morning,2024-06-12,L1,Active
1146,Mackenzie Arellano,Technology,Team Lead,1067,Jaipur,Morning,2024-02-29,L2,Active
1147,Danny Richard,HR,Executive,1059,Jaipur,Night,2025-08-29,L4,Active
1148,Debra Meyer,Compliance,Executive,1034,Remote,Night,2021-10-21,L2,Active
1149,Angela Wheeler,Compliance,Manager,1045,Remote,Morning,2023-07-20,L2,Active
1150,Jonathan Bell,Customer Support,Coordinator,1087,Jaipur,Evening,2021-11-07,L3,Active
1151,Timothy Sosa,Operations,Team Lead,1083,Mumbai,Night,2025-11-11,L1,Active
1152,Jennifer Taylor,Customer Support,Manager,1057,Jaipur,Night,2026-01-09,L1,Inactive
1153,Amanda Gonzales,Operations,Coordinator,1023,Pune,Morning,2025-06-28,L1,Active
1154,Robert Short,Operations,Associate,1008,Jaipur,Night,2025-01-20,L2,Active
1155,Jacob Taylor,Technology,Analyst,1057,Bangalore,Evening,2025-11-07,L3,Inactive
1156,Kyle Weaver PhD,Operations,Senior Analyst,1023,Jaipur,Night,2022-09-15,L3,Active
1157,Walter Sanders,Compliance,Coordinator,1054,Bangalore,Evening,2022-04-18,L1,Active
1158,Randy Ross,Technology,Associate,1006,Bangalore,Morning,2022-03-07,L2,Active
1159,Diana Greer,HR,Manager,1023,Jaipur,Night,2022-08-31,L1,Active
1160,Dr. April Kennedy,Operations,Analyst,1042,Remote,Morning,2022-08-07,L2,Inactive
1161,Mikayla Kerr,Customer Support,Senior Analyst,1091,Pune,Night,2024-09-19,L3,Inactive
1162,Samantha Bautista,Compliance,Executive,1055,Bangalore,Morning,2022-05-26,L4,Active
1163,Jose Kent,Finance,Team Lead,1029,Pune,General,2023-11-02,L3,Active
1164,Tara Flowers,HR,Senior Analyst,1091,Pune,General,2026-04-15,L1,Active
1165,Juan Perez,Finance,Coordinator,1008,Pune,Morning,2026-01-30,L4,Active
1166,Brad Rhodes,Sales,Team Lead,1019,Bangalore,Night,2023-11-18,L2,Active
1167,John Goodman,Sales,Team Lead,1050,Bangalore,General,2025-09-27,L2,Inactive
1168,Terri Sullivan,Sales,Manager,1097,Pune,General,2023-07-18,L2,Active
1169,Shelley Monroe,Operations,Analyst,1015,Pune,Night,2023-12-09,L3,Active
1170,Ryan Thomas,Sales,Associate,1038,Remote,General,2025-09-06,L4,Inactive
1171,Tyler Schroeder,Compliance,Coordinator,1051,Jaipur,Morning,2025-10-03,L3,Inactive
1172,Elizabeth Hoffman,Compliance,Team Lead,1069,Mumbai,Morning,2022-04-16,L2,Active
1173,Kathleen Smith,HR,Manager,1046,Jaipur,Morning,2021-11-22,L4,Active
1174,Dylan Lucero,Sales,Senior Analyst,1065,Pune,Morning,2023-03-20,L2,Active
1175,Anthony Richardson DDS,Compliance,Team Lead,1007,Mumbai,Evening,2023-12-21,L1,Active
1176,Edward Garza,Sales,Executive,1034,Pune,Evening,2024-04-24,L4,Active
1177,Wanda Rowland,Finance,Associate,1061,Jaipur,Morning,2023-05-27,L3,Active
1178,Heather Curry,HR,Associate,1005,Mumbai,General,2025-04-15,L3,Inactive
1179,Douglas Taylor,Compliance,Team Lead,1086,Pune,Night,2025-10-21,L3,Active
1180,Paula Ramirez,Sales,Senior Analyst,1031,Pune,Evening,2025-02-02,L2,Active
1181,Darryl Delgado,HR,Coordinator,1098,Jaipur,Morning,2025-10-09,L1,Active
1182,Brian Howell,Sales,Senior Analyst,1091,Mumbai,General,2024-08-26,L4,Active
1183,Matthew Jackson,Sales,Associate,1068,Mumbai,General,2024-08-08,L2,Active
1184,Denise Wolfe,Sales,Manager,1097,Hyderabad,Evening,2025-07-20,L1,Active
1185,Joan Howard,Operations,Team Lead,1048,Jaipur,General,2022-11-01,L1,Active
1186,Gabriela Williams,Finance,Manager,1014,Remote,Evening,2024-01-03,L3,Active
1187,Karen George,Finance,Manager,1082,Jaipur,Night,2025-10-15,L4,Active
1188,Christopher Garcia,Technology,Senior Analyst,1020,Bangalore,Night,2025-06-26,L4,Inactive
1189,Michael Bautista,HR,Coordinator,1004,Mumbai,Evening,2021-07-19,L3,Active
1190,Rachel Bell,Finance,Associate,1031,Remote,Evening,2025-04-05,L1,Active
1191,Emily Johnson,Compliance,Analyst,1081,Mumbai,General,2025-12-22,L1,Active
1192,Justin Dunn,Compliance,Senior Analyst,1052,Jaipur,General,2022-11-23,L1,Active
1193,Timothy Johnson,Compliance,Analyst,1082,Jaipur,Evening,2024-10-02,L4,Inactive
1194,Juan Miller,Sales,Team Lead,1001,Mumbai,Evening,2023-03-06,L4,Active
1195,Steven Gray,Operations,Associate,1005,Jaipur,Night,2026-02-22,L1,Inactive
1196,Preston Dyer DDS,Customer Support,Executive,1052,Mumbai,Evening,2025-05-01,L4,Active
1197,Mr. Brandon Johnson,Compliance,Executive,1002,Hyderabad,General,2025-04-21,L2,Active
1198,Keith Arias,HR,Senior Analyst,1066,Mumbai,Night,2022-01-08,L4,Active
1199,Stacy Hicks,Technology,Team Lead,1070,Mumbai,Evening,2021-07-05,L2,Active
1200,Christopher Nelson,HR,Coordinator,1015,Mumbai,Night,2022-06-14,L2,Inactive
1201,Richard Raymond,Finance,Coordinator,1017,Remote,Evening,2021-12-27,L2,Active
1202,Bradley Ford,Customer Support,Manager,1095,Pune,Morning,2025-02-02,L1,Active
1203,Joseph Gutierrez,Sales,Associate,1011,Remote,Morning,2025-03-11,L2,Inactive
1204,Theresa Wright,Operations,Team Lead,1002,Jaipur,Evening,2022-03-05,L2,Inactive
1205,William West,Compliance,Analyst,1053,Pune,Evening,2025-03-14,L3,Active
1206,Maria Watkins,HR,Coordinator,1059,Mumbai,General,2022-10-04,L1,Inactive
1207,Wesley Miller,Operations,Team Lead,1071,Jaipur,Morning,2022-05-13,L3,Active
1208,Stephanie Gallagher,Customer Support,Manager,1007,Hyderabad,Evening,2021-09-12,L2,Inactive
1209,Jonathan Matthews,Operations,Team Lead,1027,Remote,Night,2021-12-05,L3,Active
1210,Randy Smith,Finance,Associate,1090,Bangalore,Night,2023-09-05,L3,Active
1211,Spencer Cook,Sales,Associate,1069,Bangalore,Morning,2023-06-05,L3,Active
1212,Kimberly Diaz,Compliance,Team Lead,1016,Pune,Night,2022-11-03,L1,Active
1213,Michael Powell,Sales,Coordinator,1094,Jaipur,General,2023-11-01,L1,Inactive
1214,Scott Brown,Operations,Analyst,1081,Pune,Evening,2022-09-09,L4,Active
1215,Amber Gomez,Compliance,Senior Analyst,1063,Remote,General,2024-05-10,L4,Active
1216,Kayla Norton,Compliance,Executive,1040,Pune,Evening,2021-09-29,L3,Active
1217,Mary Gomez,Technology,Analyst,1051,Jaipur,General,2023-11-28,L4,Inactive
1218,Barbara Dalton,Finance,Associate,1069,Remote,Morning,2025-09-24,L4,Active
1219,Kaylee Dean,HR,Team Lead,1069,Bangalore,Morning,2025-10-07,L4,Active
1220,Timothy Wright,Compliance,Associate,1080,Jaipur,General,2024-12-22,L3,Inactive
1221,Cynthia Adkins,Compliance,Associate,1048,Hyderabad,General,2025-01-23,L2,Active
1222,Jonathan Monroe,Compliance,Coordinator,1065,Mumbai,General,2024-06-09,L1,Active
1223,Christian Harrington,Finance,Analyst,1034,Mumbai,Night,2022-05-22,L2,Active
1224,Jessica Patton,Operations,Associate,1014,Bangalore,General,2023-02-19,L4,Inactive
1225,Renee Moore,Finance,Coordinator,1080,Jaipur,General,2023-11-14,L2,Active
1226,Tara Higgins,Technology,Manager,1060,Hyderabad,General,2024-09-06,L1,Inactive
1227,John Thomas,Compliance,Coordinator,1025,Bangalore,General,2021-05-31,L3,Active
1228,Kyle Robinson,Customer Support,Senior Analyst,1002,Mumbai,Evening,2026-02-10,L3,Inactive
1229,Richard Estrada,Operations,Analyst,1090,Hyderabad,Morning,2025-07-21,L2,Active
1230,Rebecca Martinez,Finance,Executive,1056,Mumbai,Night,2025-06-03,L3,Active
1231,Alison Yates,Sales,Coordinator,1089,Hyderabad,General,2024-08-24,L3,Active
1232,Daniel Farley,Sales,Analyst,1051,Pune,Morning,2021-09-25,L3,Active
1233,Mason Freeman,HR,Coordinator,1092,Hyderabad,Evening,2024-03-03,L3,Active
1234,Adam Johnson,Sales,Associate,1034,Hyderabad,Night,2025-07-24,L4,Active
1235,Terry Gonzalez,Sales,Senior Analyst,1019,Pune,General,2024-07-03,L4,Active
1236,Adam Crosby,Finance,Team Lead,1029,Mumbai,Morning,2025-01-07,L1,Inactive
1237,Amy Bishop,Finance,Analyst,1095,Jaipur,Morning,2024-11-01,L3,Inactive
1238,Lisa Dickson DDS,HR,Associate,1095,Remote,Evening,2026-02-15,L1,Active
1239,Lauren Lewis,Customer Support,Coordinator,1069,Pune,Night,2023-05-13,L1,Active
1240,Robert Patel,Technology,Associate,1031,Remote,Evening,2021-07-20,L1,Inactive
1241,Robert Jenkins,Technology,Coordinator,1081,Mumbai,Morning,2022-09-26,L2,Active
1242,James Reed,Finance,Coordinator,1042,Pune,Evening,2023-02-06,L3,Inactive
1243,Carlos Tyler,HR,Coordinator,1036,Remote,Evening,2021-07-16,L3,Active
1244,Timothy Buck,Sales,Manager,1021,Remote,Evening,2023-01-22,L3,Active
1245,Joshua Stevenson,Finance,Analyst,1075,Jaipur,Evening,2025-06-17,L4,Active
1246,Michelle Willis,Finance,Executive,1034,Pune,Morning,2024-04-18,L3,Active
1247,Autumn Lopez,Finance,Analyst,1096,Bangalore,Morning,2025-11-11,L4,Active
1248,William Bradshaw,Compliance,Team Lead,1066,Pune,Morning,2023-08-28,L3,Active
1249,Ryan Scott,Technology,Executive,1099,Pune,General,2024-06-04,L2,Active
1250,Carrie Price,HR,Analyst,1098,Jaipur,General,2023-07-26,L4,Active
1251,Chloe Robinson,Compliance,Associate,1049,Jaipur,General,2021-08-10,L1,Active
1252,Brian Morris,Compliance,Senior Analyst,1086,Jaipur,Morning,2023-10-15,L3,Active
1253,Devin Avery,Compliance,Coordinator,1032,Remote,General,2021-07-25,L3,Active
1254,Christine Meyer,Finance,Team Lead,1087,Pune,Morning,2026-01-16,L1,Active
1255,Andrew Howard,HR,Associate,1035,Hyderabad,Morning,2022-10-19,L2,Inactive
1256,Wendy Anthony,Sales,Executive,1020,Mumbai,Evening,2022-04-18,L2,Active
1257,Michelle Steele,Compliance,Coordinator,1063,Jaipur,Night,2021-12-16,L4,Active
1258,Alicia Erickson,Operations,Manager,1061,Hyderabad,Morning,2025-02-12,L2,Active
1259,Wendy Mccarthy,HR,Team Lead,1035,Remote,Night,2023-09-09,L2,Active
1260,Linda Hunter,Finance,Team Lead,1095,Bangalore,Night,2021-08-30,L1,Active
1261,Holly Stephens,Operations,Senior Analyst,1045,Pune,General,2026-03-10,L4,Inactive
1262,Jason Mayer,Technology,Executive,1032,Jaipur,Morning,2023-02-05,L1,Active
1263,Jodi White,Operations,Manager,1030,Mumbai,Night,2023-05-11,L4,Inactive
1264,Caitlin Harris,Operations,Manager,1027,Hyderabad,General,2024-02-02,L2,Active
1265,Joseph Graves,HR,Team Lead,1036,Hyderabad,General,2025-07-05,L3,Active
1266,Rachel Thomas,Compliance,Senior Analyst,1068,Hyderabad,Evening,2022-12-29,L1,Active
1267,Dwayne Wright,Operations,Executive,1100,Remote,General,2025-10-23,L1,Active
1268,Leslie Cruz,Customer Support,Analyst,1009,Mumbai,General,2021-06-18,L3,Active
1269,Angel Sosa,Operations,Team Lead,1066,Pune,Morning,2022-12-04,L3,Inactive
1270,Lori Sims,Sales,Manager,1067,Hyderabad,Evening,2025-11-24,L4,Active
1271,Kevin Fields,Compliance,Associate,1030,Bangalore,Morning,2023-05-06,L2,Active
1272,Denise Riley,HR,Executive,1077,Jaipur,Night,2022-06-09,L4,Inactive
1273,Laura Murphy,Technology,Manager,1083,Hyderabad,General,2022-01-04,L4,Inactive
1274,Ryan Green,Finance,Senior Analyst,1037,Hyderabad,Night,2024-10-02,L3,Inactive
1275,Connie Powell,Finance,Executive,1031,Jaipur,Morning,2023-02-10,L3,Active
1276,Christopher Foster,Customer Support,Associate,1018,Pune,Evening,2022-10-22,L3,Active
1277,Steven Bates,HR,Coordinator,1063,Pune,Evening,2026-05-14,L2,Active
1278,Jessica Brown,Operations,Manager,1006,Bangalore,Night,2024-02-24,L2,Active
1279,Susan Johnson,Sales,Senior Analyst,1095,Pune,Night,2025-12-20,L2,Active
1280,Peter Jennings MD,Customer Support,Team Lead,1079,Bangalore,Evening,2022-06-16,L2,Active
1281,Brandon Soto,HR,Senior Analyst,1041,Jaipur,General,2022-05-30,L4,Active
1282,Teresa Jackson,Operations,Executive,1038,Remote,Morning,2022-05-23,L2,Active
1283,Jerry Scott,Finance,Manager,1017,Hyderabad,General,2022-08-23,L1,Active
1284,Peter Long,Compliance,Analyst,1096,Pune,Night,2021-09-02,L1,Active
1285,Kathleen Glover,Operations,Analyst,1085,Pune,General,2024-01-12,L3,Active
1286,Joshua Baker,Technology,Team Lead,1004,Remote,Morning,2021-06-03,L4,Active
1287,Aaron Flynn,HR,Manager,1099,Hyderabad,Evening,2024-06-02,L1,Active
1288,Jordan Ross,Compliance,Manager,1091,Hyderabad,Morning,2023-10-29,L2,Active
1289,Austin Jones,Sales,Executive,1048,Remote,Night,2026-01-19,L1,Active
1290,Max Brooks,Customer Support,Executive,1021,Hyderabad,General,2022-04-10,L3,Inactive
1291,Sherry Brown,Technology,Coordinator,1047,Remote,Morning,2024-02-27,L3,Inactive
1292,Douglas Schneider,Sales,Coordinator,1089,Remote,Night,2023-04-03,L2,Inactive
1293,Deanna Long,Finance,Coordinator,1080,Mumbai,Night,2025-04-02,L3,Inactive
1294,Erik Macdonald,HR,Senior Analyst,1005,Remote,Night,2025-06-04,L1,Active
1295,Jason Krueger,Finance,Executive,1032,Remote,Evening,2023-08-06,L1,Inactive
1296,Kathleen Graham,Compliance,Team Lead,1028,Remote,Morning,2026-04-01,L2,Active
1297,Stephen Gardner,HR,Coordinator,1065,Bangalore,Night,2022-04-21,L3,Inactive
1298,Mikayla Thomas,Operations,Senior Analyst,1061,Hyderabad,Evening,2024-12-14,L1,Active
1299,Steven Villanueva,Sales,Coordinator,1094,Jaipur,Morning,2022-06-12,L2,Active
1300,Matthew Flores,Operations,Analyst,1017,Jaipur,Morning,2026-02-01,L2,Active
1301,Austin Williams,Operations,Coordinator,1015,Hyderabad,General,2026-05-18,L2,Active
1302,Brenda Sharp,Compliance,Team Lead,1033,Bangalore,General,2021-10-06,L1,Active
1303,Michael Fox,Finance,Associate,1062,Hyderabad,Morning,2023-07-15,L4,Inactive
1304,Rhonda Mccoy,Operations,Manager,1073,Jaipur,Night,2026-03-19,L4,Inactive
1305,Devin King,Compliance,Senior Analyst,1013,Remote,Night,2024-11-06,L1,Active
1306,Richard Nichols,Operations,Analyst,1034,Hyderabad,General,2025-09-04,L4,Inactive
1307,Michael Barrera,Technology,Executive,1085,Pune,Morning,2023-05-09,L4,Active
1308,Brenda Phillips,Customer Support,Coordinator,1047,Hyderabad,Morning,2023-02-26,L1,Active
1309,Robin Campbell,Customer Support,Associate,1053,Jaipur,Night,2022-08-19,L1,Active
1310,Donna Turner,Compliance,Analyst,1030,Bangalore,General,2024-08-05,L3,Active
1311,Michael Washington,Compliance,Analyst,1089,Remote,Evening,2024-02-03,L3,Active
1312,Tasha Sanders,Operations,Team Lead,1068,Bangalore,Night,2022-01-20,L4,Active
1313,Katelyn Anthony,Compliance,Analyst,1096,Hyderabad,Night,2022-03-24,L4,Active
1314,Robert Nelson,Sales,Team Lead,1054,Jaipur,General,2024-05-06,L4,Active
1315,David Thomas,Sales,Manager,1087,Bangalore,Evening,2023-06-07,L3,Active
1316,Tina Bryant,Technology,Executive,1067,Bangalore,Morning,2024-05-02,L2,Active
1317,Sarah Martinez,Customer Support,Coordinator,1066,Jaipur,Evening,2023-04-16,L2,Inactive
1318,Kathleen Dixon,Finance,Associate,1057,Mumbai,Evening,2025-04-03,L4,Active
1319,Brenda Graham,Technology,Analyst,1039,Remote,Night,2024-01-08,L1,Active
1320,David Palmer,Sales,Coordinator,1076,Bangalore,Morning,2022-01-01,L2,Active
1321,Andrew Burke,Compliance,Analyst,1093,Mumbai,Morning,2021-09-04,L2,Inactive
1322,Donna Ward,Customer Support,Analyst,1017,Remote,Evening,2025-03-21,L2,Active
1323,David Gibbs,HR,Coordinator,1021,Mumbai,General,2021-09-08,L3,Active
1324,Steven Kelley,HR,Executive,1021,Bangalore,Night,2024-01-19,L1,Active
1325,Samuel Morgan,Operations,Associate,1024,Jaipur,General,2026-05-26,L1,Active
1326,Sarah Castillo,Compliance,Executive,1081,Pune,Morning,2023-06-17,L4,Active
1327,Thomas Mitchell,Sales,Team Lead,1022,Mumbai,Night,2024-02-10,L1,Inactive
1328,Beverly Jenkins,Technology,Team Lead,1033,Jaipur,Evening,2025-11-02,L2,Active
1329,Bailey Brown,Customer Support,Manager,1052,Hyderabad,Evening,2025-02-27,L4,Active
1330,Chad Foster,Customer Support,Associate,1092,Bangalore,General,2023-08-04,L2,Active
1331,Alicia Taylor,Compliance,Manager,1054,Hyderabad,General,2023-03-21,L2,Active
1332,Sherry Small MD,Finance,Associate,1072,Mumbai,Night,2021-06-26,L4,Active
1333,Shannon Evans,Sales,Associate,1076,Hyderabad,Night,2025-01-27,L4,Inactive
1334,Elizabeth Williams,Sales,Manager,1085,Pune,General,2022-10-14,L1,Inactive
1335,Tina Bell,Sales,Manager,1054,Jaipur,Evening,2021-12-29,L3,Active
1336,Sally Wright,Finance,Manager,1046,Hyderabad,General,2023-04-02,L3,Active
1337,Tiffany Martin,Sales,Coordinator,1063,Remote,Evening,2026-05-14,L4,Active
1338,Angela Davis,Customer Support,Team Lead,1039,Pune,Morning,2023-10-01,L1,Active
1339,Michael Summers,Customer Support,Associate,1017,Bangalore,Night,2024-01-23,L4,Active
1340,Chad Brennan,Finance,Associate,1058,Jaipur,General,2021-11-17,L2,Active
1341,Patrick Gardner,Finance,Senior Analyst,1033,Jaipur,Night,2022-08-31,L1,Inactive
1342,Daniel Parker,Sales,Team Lead,1061,Mumbai,Evening,2022-01-15,L3,Active
1343,Samantha Decker,HR,Executive,1080,Hyderabad,Night,2022-02-17,L3,Inactive
1344,Cheyenne Abbott,Customer Support,Coordinator,1047,Jaipur,Morning,2025-05-30,L1,Active
1345,Randy Collins,Technology,Coordinator,1033,Jaipur,Evening,2025-01-29,L4,Active
1346,Kristen Weber,Operations,Team Lead,1074,Remote,General,2026-03-14,L3,Active
1347,Stephanie Thompson,Sales,Manager,1002,Mumbai,Evening,2023-12-14,L3,Active
1348,Joanna Mccann,Finance,Executive,1092,Jaipur,Morning,2024-05-11,L4,Active
1349,Daisy Anderson,HR,Executive,1008,Pune,Night,2024-01-16,L4,Inactive
1350,Charles Quinn,Technology,Senior Analyst,1013,Bangalore,Morning,2024-06-13,L2,Active
1351,Tammy Harris,Technology,Senior Analyst,1084,Bangalore,Evening,2021-10-26,L4,Active
1352,Stephanie Dennis,Finance,Analyst,1008,Pune,Morning,2023-05-29,L2,Active
1353,Jeremy Sullivan,Customer Support,Coordinator,1012,Remote,Morning,2023-03-26,L2,Active
1354,Emily Romero,Technology,Manager,1056,Remote,Night,2022-11-17,L3,Active
1355,Matthew Gutierrez,Customer Support,Team Lead,1096,Pune,General,2023-07-03,L1,Active
1356,Daniel Gray,Sales,Associate,1007,Hyderabad,Night,2021-09-03,L3,Active
1357,Marcus Cabrera,Finance,Associate,1061,Remote,Night,2023-12-07,L1,Active
1358,James Watkins,Technology,Senior Analyst,1074,Hyderabad,Morning,2025-11-05,L2,Inactive
1359,Barbara Campos,Operations,Coordinator,1031,Remote,Night,2024-01-22,L4,Active
1360,Jake Andrews,Operations,Team Lead,1052,Pune,Night,2022-07-20,L3,Active
1361,Kelly Welch,Technology,Executive,1040,Mumbai,Morning,2024-01-20,L3,Active
1362,Jacob Wilson,Operations,Senior Analyst,1017,Hyderabad,Evening,2022-02-17,L2,Active
1363,Mary Clarke,Sales,Manager,1057,Hyderabad,Morning,2022-03-25,L2,Active
1364,April Navarro,Sales,Coordinator,1008,Jaipur,General,2024-11-25,L4,Active
1365,Jennifer Burns,Sales,Senior Analyst,1050,Jaipur,General,2024-02-17,L2,Active
1366,Nicholas Coleman,Sales,Associate,1054,Hyderabad,Night,2023-07-17,L2,Active
1367,Stephanie Mcmillan,Technology,Executive,1033,Pune,Night,2025-09-07,L1,Active
1368,Kenneth Kim,Finance,Manager,1018,Remote,Evening,2022-11-22,L3,Inactive
1369,Stephanie Peters,Operations,Senior Analyst,1068,Hyderabad,Night,2022-06-30,L2,Active
1370,James Carrillo,Customer Support,Manager,1062,Remote,General,2022-03-17,L4,Active
1371,Anna Shields,Finance,Associate,1015,Remote,General,2026-04-29,L1,Active
1372,Matthew Bradley,Operations,Analyst,1047,Mumbai,Evening,2025-09-05,L4,Active
1373,Ryan Ali,Compliance,Executive,1055,Hyderabad,Evening,2022-04-15,L1,Inactive
1374,Lisa Mendoza,Sales,Manager,1050,Hyderabad,Morning,2023-01-21,L1,Active
1375,Christopher Miranda,Compliance,Coordinator,1073,Mumbai,Evening,2022-11-02,L4,Active
1376,Tammy Gates,Compliance,Executive,1043,Bangalore,General,2023-11-12,L2,Inactive
1377,Cindy Jones,Compliance,Team Lead,1036,Bangalore,Evening,2023-06-06,L3,Inactive
1378,Rachel Scott,Sales,Executive,1001,Jaipur,Night,2025-07-25,L2,Inactive
1379,April Johnson,Finance,Associate,1097,Mumbai,General,2023-02-23,L4,Active
1380,Christine Beasley,Finance,Associate,1020,Bangalore,Morning,2023-03-07,L2,Active
1381,Brittney Dudley,Finance,Team Lead,1086,Remote,General,2023-07-25,L1,Active
1382,Robert Garcia,HR,Coordinator,1040,Bangalore,General,2024-01-04,L1,Inactive
1383,Carla Foster,Sales,Coordinator,1064,Mumbai,Morning,2023-08-03,L3,Active
1384,Melissa Olson,Sales,Manager,1012,Jaipur,General,2024-03-30,L2,Active
1385,Steven Ashley,Compliance,Associate,1100,Pune,Evening,2024-05-01,L3,Active
1386,Ashley Jackson,Operations,Team Lead,1091,Mumbai,General,2022-04-24,L2,Active
1387,Javier Rose,Finance,Associate,1051,Mumbai,Evening,2024-07-26,L2,Active
1388,John Mcintyre,Compliance,Manager,1076,Hyderabad,Evening,2021-10-05,L2,Active
1389,Michael Hughes,Customer Support,Manager,1073,Pune,Night,2021-06-30,L1,Active
1390,Gina Butler,HR,Team Lead,1003,Mumbai,Night,2025-09-13,L1,Active
1391,Anna Wilson,HR,Team Lead,1035,Hyderabad,Night,2022-06-08,L1,Active
1392,Adam Garcia,Finance,Manager,1069,Remote,Night,2021-12-01,L4,Active
1393,John Gonzalez,Finance,Coordinator,1038,Jaipur,Evening,2023-01-14,L1,Inactive
1394,Elizabeth Torres,Technology,Executive,1070,Mumbai,General,2023-10-21,L2,Inactive
1395,Travis Thomas,HR,Senior Analyst,1023,Hyderabad,Evening,2025-02-12,L4,Inactive
1396,Wesley Gilmore PhD,Compliance,Executive,1080,Pune,General,2023-02-28,L3,Active
1397,Casey Davis DVM,Technology,Analyst,1047,Mumbai,General,2025-02-22,L2,Active
1398,Steven Day,Sales,Analyst,1030,Remote,Morning,2021-06-01,L4,Active
1399,Kathy Lambert,Technology,Executive,1044,Mumbai,General,2023-03-02,L3,Active
1400,Carlos Allen,Compliance,Analyst,1080,Jaipur,Morning,2024-04-20,L1,Active
1401,Kylie Greer,Technology,Executive,1002,Bangalore,General,2023-01-10,L1,Active
1402,Christina Smith,Operations,Senior Analyst,1017,Jaipur,Morning,2023-09-11,L3,Active
1403,Jessica Phillips,Compliance,Analyst,1066,Bangalore,Morning,2026-02-26,L4,Active
1404,Christopher Pacheco,Customer Support,Analyst,1019,Mumbai,General,2023-05-26,L2,Active
1405,Cody Potter,Technology,Analyst,1026,Pune,General,2021-08-03,L1,Active
1406,Darlene Barajas,Finance,Senior Analyst,1086,Jaipur,Morning,2023-12-26,L2,Active
1407,Zachary Rodriguez,Compliance,Executive,1061,Remote,General,2023-12-06,L3,Active
1408,Sean Cohen,HR,Senior Analyst,1074,Bangalore,Night,2022-04-08,L3,Inactive
1409,Jack Graham,Technology,Manager,1058,Jaipur,Evening,2021-11-04,L2,Inactive
1410,Jason Huff,Technology,Team Lead,1010,Jaipur,General,2025-11-24,L4,Active
1411,Carol Johnson,Sales,Coordinator,1057,Mumbai,Night,2024-03-11,L2,Inactive
1412,Angela Guzman,Operations,Analyst,1005,Mumbai,General,2025-08-05,L3,Active
1413,Kevin Oliver,Technology,Analyst,1024,Mumbai,Morning,2024-01-05,L2,Active
1414,Anthony Ross,Sales,Senior Analyst,1092,Hyderabad,Evening,2024-10-10,L1,Active
1415,Marissa Cook,Finance,Team Lead,1021,Jaipur,Evening,2024-10-31,L2,Active
1416,James Mathis,Customer Support,Senior Analyst,1033,Pune,Morning,2025-03-19,L1,Active
1417,Monique Bruce,Operations,Analyst,1027,Pune,Evening,2024-08-14,L2,Active
1418,Gregory Cortez,HR,Coordinator,1084,Bangalore,General,2023-05-05,L1,Inactive
1419,Shannon Hernandez,Finance,Coordinator,1028,Hyderabad,Night,2023-03-31,L3,Active
1420,Jennifer Ramsey,Compliance,Manager,1058,Bangalore,General,2024-04-18,L4,Active
1421,Bailey Bush,Sales,Associate,1052,Remote,Morning,2021-12-25,L2,Active
1422,Jessica Silva,Operations,Analyst,1033,Hyderabad,General,2022-08-30,L1,Active
1423,Melody Sullivan,Compliance,Executive,1091,Pune,General,2024-08-25,L1,Active
1424,Haley Murphy,HR,Senior Analyst,1016,Bangalore,General,2026-01-23,L4,Active
1425,George Haney,Compliance,Coordinator,1067,Hyderabad,Evening,2026-02-19,L2,Active
1426,Monica Campbell,Customer Support,Coordinator,1089,Jaipur,General,2023-03-01,L3,Active
1427,Virginia Luna,Technology,Team Lead,1062,Jaipur,Night,2025-04-20,L1,Active
1428,Amanda Marshall,Sales,Analyst,1052,Mumbai,Evening,2024-04-20,L2,Active
1429,Jeffrey Oconnor,Compliance,Associate,1072,Pune,Evening,2026-03-22,L2,Active
1430,Richard Williams,Sales,Senior Analyst,1031,Jaipur,Night,2026-05-22,L3,Active
1431,Jocelyn Simpson,Customer Support,Coordinator,1070,Jaipur,Evening,2025-12-05,L4,Active
1432,Danielle Holder,Technology,Analyst,1039,Bangalore,General,2024-09-09,L4,Active
1433,Benjamin Thomas,Finance,Analyst,1090,Jaipur,Morning,2022-10-30,L4,Active
1434,Jennifer Anderson,Compliance,Executive,1093,Hyderabad,General,2023-02-14,L2,Active
1435,David Dillon,HR,Coordinator,1085,Mumbai,Night,2024-04-18,L2,Active
1436,Elizabeth Williams,Compliance,Associate,1033,Jaipur,General,2021-11-10,L1,Active
1437,Kathryn Ball,Operations,Analyst,1095,Jaipur,Evening,2022-04-26,L4,Inactive
1438,Shannon Bonilla,Customer Support,Senior Analyst,1082,Jaipur,Morning,2024-03-06,L4,Active
1439,Kimberly Allen,Technology,Team Lead,1006,Bangalore,General,2024-09-19,L4,Inactive
1440,Anthony Payne,Technology,Associate,1015,Hyderabad,Morning,2024-11-01,L1,Active
1441,Raymond Jordan,Customer Support,Team Lead,1026,Bangalore,General,2024-10-28,L3,Active
1442,William Ayala,Technology,Senior Analyst,1080,Jaipur,Morning,2025-05-08,L3,Active
1443,Denise Vasquez,Finance,Coordinator,1062,Mumbai,General,2023-05-06,L3,Active
1444,Kelly Allen,HR,Senior Analyst,1084,Remote,Evening,2023-04-13,L3,Active
1445,Cheryl Hughes,Operations,Analyst,1042,Jaipur,Night,2026-01-20,L4,Active
1446,Joshua Stokes,Technology,Team Lead,1074,Jaipur,General,2025-11-22,L2,Inactive
1447,Melissa Garcia DDS,Sales,Senior Analyst,1090,Hyderabad,General,2021-06-22,L3,Active
1448,Sally Myers,Customer Support,Associate,1030,Mumbai,Evening,2024-12-16,L1,Active
1449,Lisa Johnson,Sales,Manager,1082,Jaipur,Morning,2023-07-21,L3,Active
1450,Jessica Jones,Compliance,Associate,1057,Jaipur,Night,2022-03-22,L2,Active
1451,Jennifer Burnett,Finance,Team Lead,1009,Pune,Night,2021-06-06,L2,Active
1452,Valerie Anderson,Compliance,Associate,1081,Bangalore,Night,2024-12-28,L4,Inactive
1453,Patricia Mckee,Compliance,Executive,1056,Hyderabad,Night,2025-08-02,L1,Active
1454,Stephanie Williams,Sales,Associate,1071,Remote,General,2024-07-06,L1,Inactive
1455,Paul Jackson,Customer Support,Senior Analyst,1092,Bangalore,Evening,2022-07-31,L3,Inactive
1456,Justin Morgan,HR,Associate,1056,Pune,General,2025-12-07,L2,Active
1457,Daniel Gaines,Operations,Coordinator,1085,Pune,General,2024-03-19,L1,Active
1458,Michelle Casey,Technology,Team Lead,1038,Hyderabad,General,2021-10-31,L4,Active
1459,Linda Nunez,Technology,Analyst,1033,Hyderabad,Evening,2022-11-26,L4,Active
1460,Mary Cooper,Compliance,Senior Analyst,1005,Hyderabad,Night,2025-04-18,L1,Inactive
1461,William Morales,Sales,Executive,1081,Hyderabad,General,2021-08-10,L1,Active
1462,Danielle Leon,Compliance,Team Lead,1040,Hyderabad,General,2026-01-11,L4,Active
1463,Lawrence Jones,Operations,Senior Analyst,1062,Bangalore,Night,2024-01-13,L3,Active
1464,Samuel Bullock,Compliance,Coordinator,1053,Jaipur,Morning,2026-04-09,L4,Active
1465,Kristin Allen,Finance,Manager,1073,Mumbai,Night,2022-09-23,L3,Active
1466,Kimberly Zimmerman,Technology,Executive,1048,Hyderabad,Evening,2022-01-13,L2,Active
1467,William Mitchell,HR,Manager,1026,Pune,Night,2025-07-03,L3,Active
1468,Pam Munoz,Customer Support,Associate,1072,Jaipur,General,2023-03-12,L3,Inactive
1469,Kevin Vazquez,Finance,Team Lead,1069,Remote,Night,2022-04-10,L4,Active
1470,Brenda Mora,Finance,Associate,1048,Jaipur,Night,2023-10-05,L2,Active
1471,Carolyn Garcia,Technology,Analyst,1003,Remote,General,2025-03-31,L1,Active
1472,Matthew Ross,Finance,Coordinator,1048,Bangalore,Morning,2022-03-25,L3,Inactive
1473,Keith Duncan,Finance,Senior Analyst,1043,Mumbai,Night,2025-06-02,L1,Active
1474,Lydia Johnson,Technology,Analyst,1064,Bangalore,Evening,2025-12-08,L1,Active
1475,Michael Choi,Technology,Team Lead,1092,Pune,General,2022-07-22,L4,Inactive
1476,Nicole Mills,Customer Support,Executive,1043,Pune,Night,2023-09-14,L2,Inactive
1477,Michelle Carter,Technology,Senior Analyst,1076,Hyderabad,Morning,2023-10-16,L1,Active
1478,Tracey Ryan,Technology,Analyst,1019,Remote,Night,2025-10-31,L4,Active
1479,Christine Ross,Technology,Associate,1094,Hyderabad,Morning,2023-12-21,L4,Active
1480,Jacqueline Gonzalez,Technology,Manager,1003,Jaipur,Morning,2025-04-16,L1,Active
1481,David Neal,Operations,Executive,1066,Hyderabad,Night,2024-04-21,L3,Active
1482,Anthony Campbell,Technology,Senior Analyst,1095,Bangalore,Evening,2023-04-14,L3,Active
1483,Frank Grant,Compliance,Associate,1003,Remote,Morning,2024-11-09,L4,Inactive
1484,Larry Gomez,HR,Analyst,1093,Mumbai,Evening,2025-04-20,L1,Active
1485,Amanda Gutierrez,Operations,Senior Analyst,1096,Hyderabad,Evening,2023-09-13,L4,Active
1486,Maria Ramirez,Finance,Manager,1014,Bangalore,Night,2024-05-06,L4,Active
1487,Dawn Stewart,Technology,Executive,1032,Jaipur,Morning,2024-08-09,L4,Active
1488,Christopher Long,Compliance,Associate,1062,Jaipur,General,2023-12-06,L1,Active
1489,Joel Golden,Compliance,Analyst,1060,Bangalore,Evening,2025-12-29,L3,Active
1490,Angela Garner,HR,Executive,1072,Hyderabad,Night,2024-10-19,L4,Active
1491,Benjamin Chapman,Customer Support,Manager,1056,Bangalore,Morning,2022-07-22,L3,Active
1492,Melissa Foster,Technology,Senior Analyst,1079,Remote,Night,2025-05-07,L2,Active
1493,Jay Lang,Compliance,Manager,1040,Jaipur,Night,2023-12-07,L4,Active
1494,Jacob Beck,Customer Support,Manager,1059,Remote,Night,2024-10-01,L2,Inactive
1495,Carla Wilson,Finance,Manager,1022,Hyderabad,Morning,2023-08-15,L2,Active
1496,Yolanda Nash,Operations,Team Lead,1054,Pune,Morning,2021-07-27,L2,Active
1497,Leonard Bryant,Finance,Team Lead,1072,Remote,Evening,2023-02-20,L1,Active
1498,Kathleen Rivera,Customer Support,Team Lead,1047,Bangalore,General,2024-11-18,L3,Active
1499,Jenna Anderson,Technology,Analyst,1010,Hyderabad,General,2022-06-28,L4,Active
1500,Carol Hernandez,Sales,Team Lead,1084,Jaipur,General,2021-09-09,L4,Active
1501,Shannon Holmes,Sales,Senior Analyst,1094,Remote,Night,2023-07-29,L3,Active
1502,Gina Russell,Sales,Manager,1029,Pune,Morning,2026-03-03,L2,Active
1503,Johnathan Hines,Sales,Senior Analyst,1097,Jaipur,Morning,2023-04-02,L3,Active
1504,Amanda Smith,Operations,Executive,1031,Jaipur,Night,2022-08-07,L1,Active
1505,Donna Miller,Compliance,Coordinator,1049,Mumbai,General,2024-08-22,L2,Active
1506,Stephen Owens,Customer Support,Associate,1011,Pune,Morning,2023-02-10,L2,Active
1507,Tyler Edwards,Technology,Manager,1099,Pune,Morning,2023-03-16,L3,Inactive
1508,Mary Martin,Sales,Analyst,1032,Bangalore,Morning,2022-09-04,L1,Inactive
1509,Kristopher Graham,Compliance,Analyst,1097,Mumbai,Evening,2023-06-27,L4,Active
1510,Douglas Johnson,Compliance,Associate,1066,Mumbai,Morning,2025-09-08,L1,Active
1511,Bryan Hood,HR,Associate,1040,Mumbai,General,2022-10-21,L3,Active
1512,Cindy Hawkins,HR,Senior Analyst,1034,Jaipur,Night,2023-01-03,L1,Active
1513,Carrie Castaneda,Technology,Associate,1092,Pune,Night,2023-05-15,L2,Inactive
1514,Kimberly Pruitt,HR,Manager,1021,Jaipur,Evening,2022-12-22,L3,Active
1515,Lori Rivera,Customer Support,Team Lead,1074,Mumbai,Evening,2025-07-12,L3,Inactive
1516,Shelby Williams,Technology,Coordinator,1090,Pune,Morning,2025-07-16,L4,Active
1517,Veronica Diaz,HR,Senior Analyst,1091,Hyderabad,Evening,2022-09-25,L3,Inactive
1518,Jesus Macdonald,HR,Associate,1048,Remote,Evening,2024-03-02,L4,Active
1519,Laura Davis MD,Sales,Associate,1080,Remote,Morning,2025-06-20,L2,Active
1520,Casey Orr,Customer Support,Executive,1088,Pune,Morning,2022-12-27,L3,Active
1521,Matthew Baker,Technology,Manager,1003,Jaipur,Night,2025-08-05,L4,Inactive
1522,Matthew Day,Compliance,Manager,1032,Jaipur,Morning,2025-06-01,L1,Active
1523,Jesse Chapman,Finance,Associate,1022,Jaipur,Morning,2026-03-01,L1,Active
1524,Travis Sanders,Customer Support,Senior Analyst,1026,Jaipur,Evening,2025-08-13,L1,Active
1525,Thomas Callahan,Operations,Analyst,1055,Hyderabad,Night,2024-06-16,L4,Active
1526,Patricia Holmes,Sales,Team Lead,1082,Pune,Night,2025-11-06,L1,Active
1527,Laura Madden,Customer Support,Manager,1088,Hyderabad,General,2021-06-13,L1,Active
1528,Mr. Devon Martin,HR,Associate,1064,Mumbai,Morning,2021-06-05,L4,Active
1529,James Anderson,Finance,Coordinator,1065,Jaipur,Night,2024-09-16,L1,Active
1530,Brian Tyler,Finance,Associate,1081,Jaipur,Night,2023-04-02,L4,Active
1531,Harold Lopez,HR,Manager,1010,Hyderabad,Morning,2022-04-29,L1,Inactive
1532,Corey Carter,Customer Support,Manager,1012,Pune,Night,2023-04-30,L2,Inactive
1533,Katrina Morris,Compliance,Executive,1011,Remote,Morning,2026-01-30,L4,Active
1534,Thomas Clarke,HR,Coordinator,1047,Jaipur,Morning,2022-12-06,L2,Active
1535,Monica Mckenzie,Technology,Manager,1005,Bangalore,Night,2023-04-14,L4,Active
1536,Michael David,Technology,Associate,1038,Mumbai,Morning,2025-04-25,L4,Active
1537,Cassandra Wright,Customer Support,Associate,1065,Bangalore,Night,2023-05-30,L1,Inactive
1538,Benjamin Oneill,Sales,Associate,1076,Hyderabad,Morning,2021-09-09,L1,Active
1539,Tammy Gutierrez,Technology,Analyst,1097,Hyderabad,Night,2021-12-24,L3,Active
1540,Emily Clark,Sales,Associate,1052,Jaipur,General,2025-10-10,L1,Active
1541,Jennifer Robinson,Customer Support,Analyst,1076,Bangalore,Morning,2024-10-30,L2,Active
1542,Rebecca Guzman,Technology,Senior Analyst,1099,Bangalore,General,2023-11-05,L2,Active
1543,Heidi Sandoval,HR,Team Lead,1035,Bangalore,Night,2024-07-26,L4,Active
1544,Casey Atkins Jr.,Finance,Senior Analyst,1069,Hyderabad,Morning,2026-05-13,L3,Active
1545,Angela Bowman,Sales,Associate,1076,Mumbai,Night,2023-05-02,L3,Active
1546,Michelle Bryan,Operations,Coordinator,1075,Mumbai,Morning,2022-07-26,L2,Active
1547,Joshua Galvan,Customer Support,Executive,1045,Remote,Night,2022-12-08,L2,Active
1548,Cassie Hull,Technology,Analyst,1016,Mumbai,Morning,2025-10-10,L1,Inactive
1549,Katherine Cooper,HR,Executive,1068,Jaipur,Evening,2025-12-01,L1,Inactive
1550,Robert Grant,Technology,Coordinator,1039,Mumbai,Morning,2025-07-05,L4,Active
1551,Andrew Hancock,Customer Support,Coordinator,1034,Pune,Evening,2024-08-04,L2,Active
1552,Elizabeth Young,Customer Support,Manager,1087,Hyderabad,Evening,2022-07-14,L1,Active
1553,Amber Lopez,Operations,Analyst,1079,Pune,Night,2024-10-03,L3,Active
1554,Mark Keller,Compliance,Analyst,1062,Pune,Morning,2026-05-26,L4,Inactive
1555,Sarah Morales,Operations,Coordinator,1034,Pune,Evening,2023-03-11,L3,Inactive
1556,Carolyn Martinez,Operations,Senior Analyst,1016,Hyderabad,Morning,2022-07-29,L4,Inactive
1557,William Robinson,Compliance,Manager,1021,Bangalore,General,2024-11-19,L1,Active
1558,Gerald Hopkins,HR,Senior Analyst,1008,Pune,General,2021-09-22,L4,Inactive
1559,Christopher Ryan,Technology,Executive,1046,Pune,Night,2026-01-16,L4,Active
1560,Roger Nelson,Technology,Senior Analyst,1053,Hyderabad,Evening,2021-12-01,L1,Inactive
1561,Valerie Tucker,Sales,Analyst,1003,Remote,Evening,2025-03-28,L4,Active
1562,Andrew Black,Operations,Executive,1074,Mumbai,Night,2022-04-12,L1,Active
1563,Justin Novak,Sales,Executive,1031,Pune,Morning,2021-11-01,L2,Active
1564,Brian Lucas,Technology,Associate,1047,Jaipur,Night,2023-04-17,L1,Active
1565,Mark Jackson,Customer Support,Team Lead,1059,Pune,Night,2026-01-12,L1,Inactive
1566,Stacey Oconnor,HR,Team Lead,1024,Jaipur,Morning,2021-12-30,L4,Active
1567,Carlos Perez,Finance,Team Lead,1032,Jaipur,Morning,2021-12-05,L2,Active
1568,Michael Lee,Operations,Senior Analyst,1036,Pune,General,2023-07-08,L2,Active
1569,Dillon Reynolds,Technology,Senior Analyst,1069,Jaipur,Night,2025-04-20,L1,Active
1570,April Gordon,Finance,Team Lead,1084,Mumbai,Evening,2026-04-18,L1,Inactive
1571,John Campos,Sales,Team Lead,1051,Mumbai,Night,2022-08-04,L2,Inactive
1572,Shawn Williams,Compliance,Analyst,1094,Remote,Night,2024-07-27,L2,Active
1573,Sarah Campbell,Compliance,Senior Analyst,1061,Remote,General,2023-04-21,L4,Active
1574,Amanda Rosales,Finance,Manager,1022,Pune,Night,2024-03-16,L4,Active
1575,Amanda Richardson,Customer Support,Manager,1046,Pune,Evening,2023-06-04,L4,Inactive
1576,Paul Phillips,Technology,Analyst,1048,Mumbai,General,2023-11-01,L3,Inactive
1577,Alexis Stephens,Sales,Team Lead,1005,Hyderabad,Night,2024-08-06,L1,Active
1578,Peggy Spencer,Customer Support,Manager,1002,Remote,Morning,2023-07-11,L3,Active
1579,Brittany Murphy,Customer Support,Team Lead,1007,Mumbai,Night,2025-12-09,L2,Active
1580,Derrick Wilson,Compliance,Associate,1079,Hyderabad,General,2022-09-24,L1,Inactive
1581,Anthony Chandler,Technology,Team Lead,1008,Bangalore,General,2022-02-16,L2,Active
1582,Ronald Mcdonald,Finance,Manager,1041,Pune,Morning,2021-11-19,L3,Active
1583,James Short,Technology,Team Lead,1014,Remote,Night,2024-05-08,L3,Inactive
1584,Elizabeth Waters,Technology,Coordinator,1051,Mumbai,Evening,2025-05-29,L2,Active
1585,Michelle Kane,Finance,Associate,1019,Bangalore,Evening,2024-01-26,L3,Active
1586,Kevin Smith,Compliance,Team Lead,1091,Jaipur,General,2021-12-21,L1,Active
1587,Carl Frederick,Customer Support,Analyst,1003,Pune,General,2024-04-12,L3,Active
1588,Lauren Chen,Compliance,Coordinator,1024,Bangalore,General,2025-11-25,L2,Inactive
1589,April Bailey,Finance,Associate,1037,Pune,Evening,2022-03-21,L1,Active
1590,Valerie Arellano,Finance,Coordinator,1072,Jaipur,General,2023-03-13,L4,Inactive
1591,Angela Hernandez,Customer Support,Manager,1095,Bangalore,Night,2026-05-11,L4,Active
1592,Joshua Rivers,Finance,Coordinator,1012,Pune,Night,2024-03-28,L2,Active
1593,Aaron Robinson,Technology,Coordinator,1054,Bangalore,Morning,2025-07-03,L3,Active
1594,Pamela Long MD,Compliance,Executive,1065,Remote,Morning,2025-10-19,L4,Active
1595,Kyle Taylor,Finance,Associate,1078,Bangalore,Night,2023-12-27,L3,Active
1596,Richard Green,Technology,Associate,1012,Remote,Night,2022-04-07,L2,Active
1597,Christopher Mendoza,Compliance,Analyst,1063,Remote,Evening,2023-08-05,L2,Active
1598,Justin Robinson,HR,Team Lead,1018,Mumbai,Evening,2023-05-08,L4,Inactive
1599,Leslie Hicks,Operations,Executive,1029,Remote,Morning,2023-05-16,L3,Active
1600,Charles Alexander,Finance,Manager,1044,Remote,Morning,2024-03-16,L2,Inactive
1601,Melissa Williams,Technology,Associate,1053,Remote,Morning,2022-07-27,L2,Active
1602,Andrew Murray,HR,Team Lead,1078,Bangalore,Night,2024-07-26,L3,Inactive
1603,Cheryl Patrick,Compliance,Manager,1011,Bangalore,Evening,2023-01-25,L3,Inactive
1604,Shawn Rhodes,Operations,Team Lead,1004,Jaipur,Morning,2024-04-14,L2,Active
1605,Erika Woodard,HR,Executive,1056,Pune,Morning,2025-03-13,L1,Active
1606,Jacqueline Baker,HR,Analyst,1041,Hyderabad,Morning,2025-01-19,L1,Active
1607,Tiffany Allen,HR,Manager,1035,Pune,Evening,2025-12-04,L3,Active
1608,Ann Lewis,HR,Coordinator,1025,Jaipur,Morning,2022-08-02,L1,Inactive
1609,Robert Morton,HR,Analyst,1042,Remote,Morning,2024-01-10,L3,Active
1610,Margaret Gray,Sales,Associate,1087,Pune,Night,2023-07-09,L4,Active
1611,Paul Spencer,Operations,Executive,1056,Mumbai,Night,2023-03-07,L3,Inactive
1612,Joseph Douglas,Customer Support,Coordinator,1003,Mumbai,Morning,2023-08-17,L3,Active
1613,Amanda Goodman,HR,Senior Analyst,1012,Mumbai,Morning,2026-04-19,L2,Active
1614,Brian Collier,Customer Support,Coordinator,1080,Hyderabad,General,2022-11-21,L1,Active
1615,Joshua Savage,Customer Support,Manager,1064,Hyderabad,General,2026-05-10,L1,Active
1616,Beth Ball,Finance,Coordinator,1050,Mumbai,Night,2021-08-13,L1,Active
1617,Michael Collins,Finance,Executive,1059,Jaipur,Evening,2023-05-02,L1,Active
1618,Maria Hernandez,Customer Support,Analyst,1044,Hyderabad,General,2024-03-16,L2,Active
1619,Ryan Price,Finance,Coordinator,1037,Mumbai,Evening,2021-10-10,L3,Inactive
1620,Robert Cantrell,Customer Support,Associate,1009,Pune,Morning,2022-10-09,L2,Active
1621,Joseph Christensen,Sales,Senior Analyst,1034,Hyderabad,Morning,2025-11-01,L4,Active
1622,Jimmy Hernandez,Customer Support,Coordinator,1088,Remote,Morning,2024-08-09,L4,Active
1623,Jared Pace,Customer Support,Executive,1021,Bangalore,Evening,2021-06-17,L4,Inactive
1624,April Gonzalez,Sales,Associate,1038,Pune,Night,2024-02-17,L2,Active
1625,Teresa Palmer,Technology,Analyst,1090,Pune,General,2021-10-21,L1,Active
1626,Rachel Simpson,Finance,Coordinator,1036,Jaipur,Morning,2026-04-16,L4,Active
1627,Alexander Buckley MD,Technology,Associate,1086,Hyderabad,Evening,2021-12-03,L4,Active
1628,Frank Wood,HR,Manager,1041,Remote,Evening,2024-03-05,L1,Inactive
1629,Jeremy Bennett,Sales,Team Lead,1026,Pune,General,2023-12-24,L1,Active
1630,John Collins,Operations,Coordinator,1061,Hyderabad,Evening,2023-05-04,L2,Active
1631,Jonathan Washington,HR,Associate,1047,Mumbai,Morning,2026-05-01,L3,Inactive
1632,Victoria Young,Compliance,Coordinator,1085,Pune,Night,2021-05-29,L2,Active
1633,Ryan Alexander,Compliance,Associate,1026,Jaipur,General,2025-05-17,L1,Inactive
1634,Bryan Ortiz,Technology,Team Lead,1034,Pune,Morning,2022-11-01,L2,Active
1635,Brian Sanchez,Operations,Executive,1035,Jaipur,Morning,2025-06-11,L2,Active
1636,Amanda Chase,Compliance,Executive,1039,Bangalore,Morning,2022-06-27,L4,Active
1637,Angela Simmons,Finance,Coordinator,1086,Jaipur,Morning,2023-02-04,L4,Inactive
1638,Rhonda Berg,Technology,Team Lead,1001,Remote,General,2021-12-04,L1,Inactive
1639,Jacob David,Customer Support,Coordinator,1088,Pune,General,2023-10-03,L1,Active
1640,Hannah Andersen,HR,Coordinator,1052,Bangalore,Morning,2024-12-04,L3,Active
1641,Meredith Werner,Compliance,Manager,1015,Remote,Evening,2023-01-20,L4,Active
1642,Denise Hammond,Operations,Senior Analyst,1040,Remote,Morning,2025-02-12,L4,Active
1643,Carol Hooper,Sales,Associate,1025,Remote,General,2025-01-22,L4,Active
1644,Jessica Porter,Operations,Coordinator,1100,Jaipur,Morning,2022-08-04,L1,Active
1645,Matthew Russell,Sales,Associate,1070,Mumbai,Morning,2022-10-21,L3,Active
1646,Joy Carter,HR,Team Lead,1081,Jaipur,Morning,2023-11-18,L2,Active
1647,David Logan Jr.,HR,Associate,1006,Remote,Night,2022-11-24,L3,Active
1648,Travis Golden,Operations,Associate,1041,Pune,General,2025-09-30,L2,Active
1649,Carrie Ramos,Customer Support,Executive,1092,Jaipur,General,2026-03-23,L2,Active
1650,Jason Rogers,Finance,Team Lead,1004,Hyderabad,Morning,2023-09-05,L4,Active
1651,Nancy Page,Customer Support,Manager,1039,Pune,Evening,2021-12-23,L2,Active
1652,Elizabeth Martin,Compliance,Senior Analyst,1031,Hyderabad,General,2025-04-27,L2,Active
1653,William Gordon,Customer Support,Executive,1066,Mumbai,Night,2021-11-12,L1,Active
1654,Laura Banks,Operations,Analyst,1019,Remote,General,2025-05-12,L2,Active
1655,Jeremy Thompson,Technology,Executive,1070,Mumbai,General,2024-07-24,L1,Active
1656,John Kim,Sales,Manager,1020,Hyderabad,Morning,2026-03-14,L1,Inactive
1657,Shaun Nguyen,Finance,Analyst,1014,Bangalore,Morning,2022-04-18,L2,Inactive
1658,Brian Perry,Operations,Associate,1077,Pune,General,2026-05-21,L2,Active
1659,Andrew Baker,Operations,Coordinator,1087,Jaipur,Night,2024-09-13,L4,Active
1660,Timothy Harris,Customer Support,Senior Analyst,1047,Remote,Morning,2022-06-17,L4,Active
1661,Alison Cole,Customer Support,Analyst,1035,Bangalore,Night,2022-01-18,L2,Inactive
1662,Alexis Torres,Sales,Coordinator,1075,Pune,General,2024-06-23,L1,Inactive
1663,Holly White,Technology,Team Lead,1070,Bangalore,Night,2023-12-28,L1,Active
1664,Dennis Robinson,Compliance,Manager,1099,Hyderabad,General,2025-05-21,L4,Active
1665,Wesley Guerrero,Finance,Associate,1040,Remote,Night,2025-08-26,L4,Active
1666,Kimberly Dixon,Compliance,Analyst,1037,Bangalore,Morning,2023-04-21,L3,Active
1667,Calvin Torres,Finance,Analyst,1023,Bangalore,General,2024-10-27,L1,Active
1668,Zachary Hayes,Operations,Coordinator,1021,Remote,Night,2023-09-16,L2,Inactive
1669,Pam Jenkins,Compliance,Senior Analyst,1093,Hyderabad,Night,2022-07-13,L2,Active
1670,Jennifer Smith,Finance,Analyst,1078,Hyderabad,General,2023-10-03,L3,Active
1671,Jodi Silva,Customer Support,Coordinator,1023,Jaipur,Morning,2024-08-14,L1,Active
1672,Rachel Randall,Operations,Coordinator,1015,Pune,Night,2023-11-14,L3,Active
1673,Michael Lewis,HR,Associate,1065,Remote,Morning,2024-08-31,L4,Active
1674,Aaron Cruz,Compliance,Manager,1078,Hyderabad,General,2024-07-14,L4,Active
1675,Kylie Taylor,Operations,Executive,1097,Mumbai,General,2024-07-07,L1,Inactive
1676,Gerald Evans,Sales,Executive,1091,Pune,Night,2025-01-14,L2,Active
1677,Willie Robbins,HR,Coordinator,1055,Hyderabad,General,2025-01-19,L3,Active
1678,Jessica Stephens,Finance,Senior Analyst,1051,Hyderabad,Night,2022-11-24,L2,Active
1679,Aimee Smith,Customer Support,Team Lead,1015,Mumbai,Morning,2025-12-17,L1,Active
1680,Brad Wiggins,Compliance,Analyst,1048,Pune,General,2025-03-29,L1,Active
1681,Amy Wallace,Finance,Senior Analyst,1085,Bangalore,Evening,2025-01-05,L2,Active
1682,Wendy Barnes,HR,Senior Analyst,1025,Hyderabad,Evening,2025-01-20,L3,Active
1683,Ashley Krause,Customer Support,Analyst,1015,Jaipur,Morning,2026-03-17,L4,Inactive
1684,Brian Edwards,Operations,Associate,1035,Hyderabad,Evening,2024-03-07,L3,Inactive
1685,Scott Mclaughlin,Sales,Team Lead,1074,Hyderabad,Morning,2022-11-10,L3,Active
1686,Steven Gonzales,HR,Team Lead,1064,Hyderabad,Evening,2022-10-04,L2,Active
1687,William Perez,Operations,Analyst,1097,Pune,Morning,2024-08-29,L4,Active
1688,Joel Martinez,HR,Analyst,1061,Bangalore,Night,2026-05-15,L2,Active
1689,Dave Jackson,HR,Analyst,1007,Jaipur,Evening,2025-08-07,L2,Active
1690,Paul Armstrong,HR,Coordinator,1083,Jaipur,General,2022-12-20,L2,Inactive
1691,Vanessa Hooper,Technology,Coordinator,1018,Remote,Night,2023-04-23,L2,Inactive
1692,Jeffrey Vaughn,Sales,Coordinator,1071,Jaipur,Morning,2024-02-23,L4,Active
1693,Michael Adams,Technology,Analyst,1071,Bangalore,General,2023-08-02,L3,Active
1694,Michael Stark,Finance,Associate,1066,Bangalore,General,2024-10-22,L1,Active
1695,Dawn Anderson,HR,Manager,1088,Bangalore,Night,2024-01-17,L4,Inactive
1696,Cheyenne Figueroa,Operations,Executive,1003,Bangalore,Morning,2024-07-12,L1,Active
1697,April Phillips,Operations,Team Lead,1078,Remote,Night,2024-04-14,L1,Active
1698,Amanda Durham,Operations,Analyst,1014,Bangalore,Evening,2024-03-22,L3,Active
1699,Gabriel Howard,HR,Manager,1050,Pune,Night,2022-09-13,L2,Inactive
1700,Anita Allen,Operations,Team Lead,1028,Bangalore,Evening,2025-10-12,L3,Inactive
1701,Samantha Francis,Sales,Manager,1001,Pune,Evening,2026-04-20,L4,Active
1702,Marisa Wheeler,Sales,Associate,1015,Remote,Evening,2024-10-29,L4,Active
1703,Carolyn Williams,Finance,Associate,1084,Pune,Evening,2022-04-12,L4,Inactive
1704,John Mccarthy,Sales,Manager,1012,Jaipur,Morning,2024-04-18,L1,Inactive
1705,Shelby Smith,Operations,Analyst,1079,Pune,General,2022-11-21,L3,Active
1706,Brianna Patel,Technology,Manager,1095,Bangalore,Night,2025-08-23,L2,Active
1707,John Hampton,Technology,Team Lead,1081,Remote,Night,2025-07-18,L1,Inactive
1708,Chris Fuller,Compliance,Manager,1045,Jaipur,Morning,2022-10-09,L4,Active
1709,Frank Dickerson,Sales,Analyst,1018,Bangalore,Night,2021-12-10,L2,Inactive
1710,Catherine Sanchez,Compliance,Executive,1059,Pune,Evening,2022-09-22,L2,Inactive
1711,Christine Thompson,Compliance,Analyst,1086,Bangalore,Morning,2021-09-15,L3,Active
1712,Jeremy Turner,HR,Team Lead,1034,Pune,Night,2023-08-28,L3,Active
1713,Jared Carter,Technology,Manager,1073,Mumbai,General,2026-03-22,L2,Active
1714,Lauren Hutchinson,Finance,Senior Analyst,1003,Jaipur,Morning,2023-02-25,L1,Inactive
1715,John Fox,HR,Manager,1087,Mumbai,General,2024-08-25,L1,Active
1716,Sean Crane,Sales,Team Lead,1097,Pune,General,2025-11-23,L4,Active
1717,Lisa Hill,Compliance,Manager,1084,Remote,Night,2021-09-24,L4,Active
1718,Franklin Palmer,Operations,Senior Analyst,1057,Pune,General,2024-05-14,L3,Active
1719,Stephanie Morgan,Technology,Senior Analyst,1096,Hyderabad,Evening,2022-04-29,L3,Active
1720,Stacy Spencer,Finance,Team Lead,1059,Mumbai,Morning,2022-09-07,L1,Inactive
1721,Scott Johnson,Sales,Analyst,1065,Jaipur,Morning,2025-10-20,L4,Active
1722,Karen Collins,Operations,Associate,1057,Remote,General,2026-05-17,L3,Active
1723,Joseph Wolf,Compliance,Associate,1063,Pune,Evening,2022-06-24,L3,Active
1724,Randy Harrington,Compliance,Associate,1011,Pune,Night,2022-12-26,L1,Active
1725,Brittany Harrison,Finance,Executive,1002,Jaipur,Morning,2022-05-19,L3,Active
1726,Larry Ibarra,Technology,Associate,1034,Mumbai,Morning,2024-12-18,L4,Active
1727,Jennifer Middleton,HR,Manager,1004,Hyderabad,Morning,2024-02-10,L2,Inactive
1728,Terry Malone,HR,Executive,1074,Bangalore,Morning,2023-01-22,L3,Active
1729,Stacy Fuentes,Finance,Analyst,1068,Bangalore,Night,2024-07-26,L4,Active
1730,Thomas Mason,Finance,Manager,1077,Hyderabad,General,2024-06-06,L4,Inactive
1731,Barbara Carpenter,Compliance,Coordinator,1017,Hyderabad,Evening,2024-02-21,L4,Active
1732,Thomas Garcia,Technology,Manager,1047,Mumbai,General,2021-09-11,L2,Active
1733,Samantha Le,Technology,Manager,1076,Pune,Night,2024-11-16,L1,Active
1734,Seth Branch,Operations,Executive,1039,Mumbai,General,2024-06-19,L1,Active
1735,Sherry Cardenas,Customer Support,Senior Analyst,1048,Hyderabad,Night,2021-09-13,L3,Inactive
1736,Joseph Hicks,Compliance,Team Lead,1030,Mumbai,Night,2024-10-14,L1,Active
1737,Andrew Nelson,Customer Support,Coordinator,1070,Bangalore,General,2024-10-13,L1,Active
1738,Hailey Perry,Compliance,Associate,1018,Bangalore,Morning,2026-05-05,L1,Active
1739,Troy Underwood,HR,Analyst,1001,Mumbai,Night,2023-12-10,L3,Inactive
1740,Anne Salinas,Compliance,Manager,1079,Remote,Night,2021-08-15,L4,Active
1741,Travis Jackson,Compliance,Analyst,1088,Pune,Night,2024-02-23,L4,Active
1742,Troy Thompson,Customer Support,Coordinator,1038,Hyderabad,Morning,2024-05-29,L4,Active
1743,Scott Soto,Customer Support,Analyst,1088,Hyderabad,Morning,2023-12-26,L2,Active
1744,Hunter Henderson,Sales,Coordinator,1054,Mumbai,General,2025-11-08,L4,Inactive
1745,James Hodges,Technology,Senior Analyst,1013,Pune,Evening,2022-07-02,L1,Active
1746,Barbara Mayer,Technology,Team Lead,1083,Mumbai,General,2023-06-08,L4,Active
1747,Breanna Johnson,Compliance,Coordinator,1097,Jaipur,General,2026-05-02,L1,Inactive
1748,David Stone,Operations,Analyst,1062,Hyderabad,Evening,2022-07-08,L3,Inactive
1749,Christina Smith,Compliance,Analyst,1029,Bangalore,Morning,2022-08-08,L1,Active
1750,Autumn Gilbert,Compliance,Analyst,1037,Bangalore,Evening,2021-10-30,L2,Active
1751,Gabrielle Mccall,Customer Support,Senior Analyst,1040,Hyderabad,Night,2022-04-28,L3,Active
1752,Shane Herrera,HR,Team Lead,1077,Jaipur,General,2023-11-03,L1,Active
1753,Kayla Krueger,Technology,Associate,1018,Pune,Morning,2021-12-14,L1,Active
1754,Donna Lee,Customer Support,Manager,1013,Hyderabad,Morning,2023-10-10,L4,Inactive
1755,Joanna Cole,Compliance,Senior Analyst,1040,Jaipur,Morning,2025-07-13,L1,Active
1756,John Bradley,Finance,Manager,1026,Mumbai,Night,2025-05-23,L3,Active
1757,Emily Reilly,HR,Coordinator,1011,Mumbai,Evening,2025-01-29,L3,Active
1758,Christopher Rose,Customer Support,Executive,1044,Mumbai,Evening,2022-05-19,L1,Active
1759,Walter Thompson,Sales,Team Lead,1070,Bangalore,Morning,2023-08-26,L2,Active
1760,Peter Dunn,Customer Support,Associate,1027,Hyderabad,General,2024-12-27,L1,Active
1761,Melissa French,Customer Support,Manager,1033,Hyderabad,Evening,2024-03-07,L1,Active
1762,Steven Reyes,Technology,Team Lead,1093,Jaipur,General,2023-09-24,L4,Active
1763,Mario Sims,HR,Analyst,1050,Remote,Morning,2021-12-10,L4,Inactive
1764,Christine Short,Compliance,Analyst,1081,Jaipur,Morning,2023-12-18,L4,Active
1765,Joshua Hall,Customer Support,Coordinator,1057,Jaipur,Night,2023-02-12,L3,Active
1766,Carl Miller,Customer Support,Executive,1006,Mumbai,General,2021-11-21,L2,Active
1767,Michael Lara DDS,Operations,Senior Analyst,1069,Mumbai,Morning,2022-10-06,L3,Active
1768,Tanya Martin,Customer Support,Associate,1035,Remote,Evening,2026-02-10,L3,Active
1769,Troy Brown,Sales,Senior Analyst,1031,Pune,Evening,2024-07-17,L3,Active
1770,Kimberly Castillo,Operations,Executive,1019,Jaipur,Night,2022-09-05,L1,Active
1771,Kevin Ramirez,Compliance,Senior Analyst,1086,Remote,Morning,2022-10-11,L3,Active
1772,Tiffany Garcia,Sales,Coordinator,1093,Jaipur,Morning,2023-02-02,L3,Inactive
1773,Mary Chambers,Technology,Coordinator,1047,Jaipur,General,2025-07-09,L3,Inactive
1774,Virginia Fox,Compliance,Team Lead,1063,Mumbai,General,2022-03-31,L4,Inactive
1775,Ashley Adkins DDS,HR,Manager,1029,Jaipur,Morning,2023-06-09,L1,Active
1776,Kendra Ritter,Customer Support,Team Lead,1074,Jaipur,General,2024-12-08,L2,Active
1777,Isaac Hammond,HR,Executive,1056,Mumbai,Night,2024-05-17,L2,Inactive
1778,Michael Gill,Sales,Executive,1074,Mumbai,General,2025-06-27,L3,Active
1779,Christopher Owens,Operations,Analyst,1031,Mumbai,General,2022-01-31,L3,Active
1780,Matthew Parker,Finance,Team Lead,1053,Pune,General,2025-01-22,L2,Active
1781,Alicia Molina,HR,Executive,1055,Pune,General,2025-08-11,L4,Active
1782,Jessica Stewart,HR,Analyst,1064,Mumbai,Morning,2023-02-09,L4,Inactive
1783,Betty Snyder,Finance,Manager,1082,Jaipur,Night,2023-04-15,L2,Active
1784,Mary Smith,Sales,Associate,1052,Remote,General,2025-11-26,L1,Inactive
1785,John Hood,Sales,Executive,1070,Mumbai,Morning,2024-09-28,L4,Active
1786,Valerie Hodges,Customer Support,Associate,1089,Jaipur,General,2023-12-02,L3,Inactive
1787,Aaron Cook,Operations,Senior Analyst,1076,Pune,Morning,2024-08-07,L3,Active
1788,Elizabeth Brown,Finance,Coordinator,1064,Jaipur,General,2024-07-06,L4,Active
1789,Thomas Wilson,Finance,Associate,1046,Mumbai,Morning,2025-09-09,L2,Active
1790,Ronald Thomas,Customer Support,Executive,1021,Pune,Night,2022-03-18,L3,Active
1791,Eric Lewis,Operations,Associate,1023,Remote,Night,2021-08-18,L1,Active
1792,Maria Dyer,Finance,Manager,1077,Mumbai,Night,2025-09-14,L1,Active
1793,Allison Carter,Technology,Coordinator,1034,Jaipur,Evening,2024-05-01,L4,Active
1794,Alexander Humphrey MD,HR,Analyst,1098,Remote,Morning,2024-03-21,L3,Inactive
1795,Michael Sawyer,Customer Support,Team Lead,1015,Hyderabad,Morning,2023-05-27,L3,Active
1796,Brian Fox,Compliance,Associate,1005,Bangalore,General,2025-12-15,L3,Active
1797,Cody Baker,Finance,Coordinator,1013,Pune,Morning,2022-04-15,L2,Active
1798,Nancy Parsons,Customer Support,Executive,1030,Mumbai,General,2023-11-04,L3,Active
1799,Devon Schultz,Customer Support,Associate,1063,Bangalore,General,2024-05-20,L4,Active
1800,James Hall,Customer Support,Senior Analyst,1080,Remote,Morning,2021-12-10,L3,Active
1801,Matthew Barnett,Sales,Executive,1059,Remote,Evening,2023-06-27,L4,Active
1802,Eric Pearson,Technology,Executive,1029,Mumbai,Evening,2023-03-22,L3,Active
1803,Elizabeth Moore,HR,Analyst,1050,Bangalore,Morning,2024-11-23,L1,Active
1804,Kathryn Velasquez,Technology,Manager,1039,Pune,Evening,2023-07-23,L2,Inactive
1805,Kara Walsh,HR,Team Lead,1026,Pune,Morning,2024-08-11,L1,Active
1806,Rhonda West,Sales,Coordinator,1095,Bangalore,Evening,2026-04-15,L2,Inactive
1807,Randy Perez,Compliance,Manager,1045,Pune,Evening,2025-10-05,L4,Active
1808,Michelle Taylor,Compliance,Coordinator,1088,Mumbai,Night,2021-11-14,L1,Active
1809,Diana Chambers,Customer Support,Senior Analyst,1049,Mumbai,Night,2025-06-13,L1,Inactive
1810,Kristina Moore,Compliance,Senior Analyst,1004,Remote,General,2026-04-23,L4,Active
1811,John Smith,Operations,Executive,1041,Pune,Morning,2025-05-30,L3,Active
1812,Robert Harrison,Compliance,Team Lead,1014,Hyderabad,Morning,2024-04-18,L2,Active
1813,Edwin Mitchell,HR,Executive,1045,Mumbai,Night,2025-02-16,L3,Active
1814,Stephen Nguyen,Compliance,Manager,1074,Remote,General,2022-12-30,L3,Active
1815,Ryan Richards,Compliance,Team Lead,1080,Pune,Morning,2023-05-27,L2,Active
1816,Michael Sandoval,Technology,Team Lead,1064,Remote,Evening,2022-12-04,L1,Active
1817,Shawn Burke,Finance,Executive,1012,Jaipur,Evening,2023-09-25,L4,Inactive
1818,Edwin Warren,HR,Analyst,1075,Bangalore,Evening,2024-11-14,L3,Active
1819,Marilyn Alexander,HR,Coordinator,1018,Jaipur,General,2023-09-07,L4,Inactive
1820,Gregory Faulkner,Operations,Coordinator,1095,Hyderabad,General,2025-10-12,L3,Inactive
1821,Brandy Clarke,Customer Support,Team Lead,1049,Bangalore,Evening,2024-11-20,L1,Active
1822,Rodney Lutz,Finance,Coordinator,1050,Hyderabad,Evening,2025-03-01,L2,Active
1823,Jackson Thomas,HR,Analyst,1076,Bangalore,Night,2022-12-20,L1,Inactive
1824,Amber Merritt,Technology,Executive,1024,Remote,Evening,2025-08-19,L4,Active
1825,Jamie Stone,Compliance,Analyst,1095,Remote,Evening,2024-07-03,L2,Active
1826,Emily Mcpherson,Customer Support,Manager,1028,Jaipur,Morning,2023-03-25,L3,Active
1827,David Johnson,Technology,Analyst,1032,Bangalore,General,2025-08-11,L4,Active
1828,Daniel Myers,Compliance,Analyst,1015,Hyderabad,Evening,2021-07-14,L2,Inactive
1829,Elizabeth Hall,Finance,Associate,1068,Jaipur,Morning,2022-02-11,L4,Active
1830,Katherine Stanley,Finance,Team Lead,1072,Hyderabad,Morning,2026-05-18,L4,Active
1831,John Holder,Operations,Analyst,1013,Remote,Night,2023-04-09,L3,Active
1832,Robin Cooper,Operations,Associate,1086,Hyderabad,Night,2026-03-21,L3,Active
1833,Jamie Nichols,Finance,Executive,1079,Jaipur,Night,2023-07-17,L4,Active
1834,Taylor Martin,Compliance,Analyst,1019,Remote,Morning,2022-06-06,L3,Inactive
1835,Kenneth Baker,Finance,Senior Analyst,1092,Mumbai,Morning,2025-03-05,L2,Active
1836,Thomas Hicks,Technology,Team Lead,1007,Mumbai,Night,2025-10-02,L4,Active
1837,Gregory Carey,Customer Support,Team Lead,1027,Pune,General,2022-05-29,L3,Active
1838,Samantha Contreras,HR,Manager,1076,Remote,Evening,2024-07-20,L3,Active
1839,Nicole Baker,Finance,Senior Analyst,1015,Jaipur,Evening,2025-03-31,L1,Active
1840,Michelle Maynard,Technology,Analyst,1090,Bangalore,Night,2021-09-15,L1,Active
1841,Brittney Hudson,Compliance,Executive,1060,Pune,General,2023-12-10,L4,Active
1842,Emily Spencer,Finance,Team Lead,1005,Remote,Night,2021-12-09,L1,Active
1843,Jorge Herrera,Customer Support,Senior Analyst,1025,Hyderabad,General,2023-12-11,L1,Active
1844,Jason Walker,Finance,Senior Analyst,1086,Pune,Night,2025-10-26,L4,Active
1845,Angel Hughes,Customer Support,Coordinator,1016,Hyderabad,General,2022-12-08,L4,Inactive
1846,Christopher Gallegos,Customer Support,Associate,1093,Remote,Evening,2022-01-29,L1,Active
1847,Rebekah Kline,Technology,Analyst,1026,Bangalore,Night,2023-04-25,L2,Active
1848,Susan Acevedo,Compliance,Analyst,1037,Bangalore,General,2024-05-22,L1,Active
1849,Paula Cooper,Compliance,Associate,1064,Jaipur,General,2021-07-25,L4,Active
1850,Felicia Page,Operations,Analyst,1067,Pune,Night,2022-08-13,L3,Active
1851,Chelsea Carter,Technology,Associate,1003,Mumbai,General,2023-01-16,L2,Active
1852,Jack Ross,Finance,Team Lead,1012,Remote,Evening,2023-06-08,L2,Active
1853,Charles Taylor,HR,Analyst,1031,Remote,Evening,2024-12-25,L4,Inactive
1854,Scott Hunt,Technology,Senior Analyst,1029,Jaipur,Night,2024-04-16,L4,Active
1855,Brandon Sanchez,Finance,Team Lead,1022,Mumbai,Night,2021-11-20,L4,Active
1856,Chris Richardson,Finance,Analyst,1050,Mumbai,Morning,2025-05-19,L1,Active
1857,Robin Perez,Compliance,Associate,1081,Remote,General,2021-08-22,L4,Active
1858,Brendan Woods,HR,Manager,1067,Bangalore,Morning,2024-02-29,L1,Active
1859,Sean Eaton,HR,Executive,1022,Mumbai,Night,2022-03-09,L2,Active
1860,Virginia Hicks,Operations,Team Lead,1068,Mumbai,Night,2023-11-28,L3,Active
1861,Anthony Martin,Technology,Manager,1073,Bangalore,Evening,2023-03-16,L2,Active
1862,Linda Morris,Compliance,Associate,1024,Jaipur,Morning,2025-10-22,L3,Active
1863,Amanda Collins,HR,Coordinator,1048,Jaipur,Evening,2023-03-11,L2,Active
1864,Micheal Moore,Compliance,Senior Analyst,1091,Pune,Night,2025-01-23,L1,Inactive
1865,Sara Young,Sales,Analyst,1079,Remote,Morning,2024-05-12,L1,Active
1866,Sydney Richards,Operations,Team Lead,1006,Jaipur,Night,2023-07-23,L1,Active
1867,Mrs. Kimberly Norris,Finance,Analyst,1040,Pune,General,2022-12-19,L2,Active
1868,Leah Bowman,Customer Support,Manager,1073,Jaipur,General,2022-06-26,L2,Active
1869,Courtney Ortega,Finance,Associate,1014,Hyderabad,Morning,2023-05-14,L3,Active
1870,Michael Harmon,Sales,Manager,1057,Remote,Evening,2025-05-17,L4,Active
1871,Johnathan Brock,Customer Support,Analyst,1087,Remote,Evening,2026-01-22,L1,Inactive
1872,Jasmine Hunt,Customer Support,Manager,1020,Pune,General,2023-06-13,L1,Active
1873,Robert Grant,Sales,Senior Analyst,1035,Jaipur,Night,2023-06-11,L3,Active
1874,Patrick Kline,Operations,Executive,1071,Remote,Morning,2024-09-20,L1,Active
1875,Yvette Jones,Sales,Analyst,1079,Hyderabad,Evening,2023-06-03,L4,Active
1876,Renee Holloway MD,Compliance,Executive,1040,Bangalore,Morning,2021-08-15,L1,Active
1877,Jennifer Wolf,Sales,Team Lead,1073,Mumbai,Night,2025-10-04,L1,Inactive
1878,Grant Jones,Finance,Manager,1049,Jaipur,General,2025-01-27,L4,Active
1879,Keith Smith,Sales,Coordinator,1063,Jaipur,General,2022-12-31,L3,Active
1880,John Sanchez,Customer Support,Team Lead,1084,Pune,Evening,2025-03-16,L1,Active
1881,Thomas Martin,HR,Manager,1075,Bangalore,Night,2023-09-06,L4,Inactive
1882,Michael Peters,Compliance,Executive,1083,Hyderabad,Evening,2022-05-25,L2,Active
1883,Joshua Woods,Sales,Senior Analyst,1007,Bangalore,Morning,2025-01-17,L3,Inactive
1884,Michelle Ryan,HR,Senior Analyst,1035,Pune,Evening,2022-10-20,L2,Inactive
1885,Diane Jackson,Sales,Manager,1088,Jaipur,Evening,2022-12-23,L2,Active
1886,Casey Greene,Technology,Executive,1037,Pune,Night,2026-02-01,L2,Active
1887,Eileen Weaver,HR,Associate,1016,Remote,General,2021-10-28,L2,Active
1888,Jim Garcia,Finance,Analyst,1049,Hyderabad,Morning,2025-11-24,L2,Active
1889,Angela Schmidt,Compliance,Manager,1073,Jaipur,Morning,2026-02-06,L4,Active
1890,Luis Adams,HR,Team Lead,1080,Bangalore,Night,2024-02-08,L2,Inactive
1891,Derrick Cohen,Compliance,Team Lead,1035,Mumbai,General,2025-12-10,L1,Inactive
1892,Samantha Cox,HR,Team Lead,1067,Hyderabad,General,2025-11-13,L2,Active
1893,Neil Dunn,Customer Support,Analyst,1052,Jaipur,Night,2025-06-15,L4,Active
1894,Jasmine Morrison,Technology,Senior Analyst,1053,Hyderabad,General,2024-05-25,L4,Inactive
1895,Kristen Sherman,Operations,Associate,1082,Mumbai,Night,2024-09-05,L4,Active
1896,Melissa Thompson,Technology,Senior Analyst,1047,Pune,Morning,2025-09-17,L1,Active
1897,Kristine Simon,Sales,Team Lead,1057,Mumbai,General,2023-01-17,L1,Active
1898,Christopher Velasquez,HR,Coordinator,1079,Remote,Night,2025-11-23,L3,Active
1899,Michelle Best,Customer Support,Analyst,1076,Hyderabad,Morning,2022-03-19,L1,Active
1900,David Hamilton,Operations,Manager,1069,Bangalore,Morning,2023-03-18,L2,Active
1901,Diana Bell,Compliance,Analyst,1030,Bangalore,General,2021-07-20,L4,Active
1902,Jason Benson,Technology,Senior Analyst,1010,Jaipur,Night,2021-07-27,L4,Active
1903,Mitchell Hamilton,Finance,Manager,1058,Jaipur,Evening,2023-03-24,L1,Active
1904,Joseph Young,HR,Associate,1001,Mumbai,Evening,2023-04-09,L4,Active
1905,Antonio Smith,Finance,Coordinator,1053,Hyderabad,Night,2023-09-10,L1,Active
1906,Louis Smith,Sales,Executive,1033,Mumbai,Night,2023-11-02,L1,Active
1907,Jeffrey Wiggins,Technology,Analyst,1061,Bangalore,General,2023-03-24,L1,Active
1908,Angela Adams,Operations,Coordinator,1086,Pune,Evening,2023-06-12,L1,Active
1909,Bailey White,Sales,Coordinator,1053,Hyderabad,Morning,2024-06-04,L3,Active
1910,Jessica Stewart,HR,Senior Analyst,1062,Bangalore,General,2024-10-29,L2,Inactive
1911,Tammy Bates,Sales,Manager,1017,Hyderabad,Morning,2023-02-20,L3,Inactive
1912,Nicholas Cunningham,Technology,Executive,1069,Pune,Morning,2023-12-17,L3,Active
1913,Olivia Salas,Technology,Analyst,1080,Bangalore,Night,2022-02-09,L2,Active
1914,Anthony Jackson,Finance,Manager,1052,Bangalore,Evening,2024-06-06,L4,Active
1915,Anthony Crawford,Customer Support,Analyst,1043,Mumbai,Morning,2024-09-24,L1,Active
1916,Joseph Hunt,Customer Support,Executive,1015,Mumbai,Night,2026-01-16,L3,Active
1917,Michael Wright,Compliance,Manager,1070,Jaipur,Night,2021-06-04,L4,Active
1918,Jessica Gibson,Customer Support,Executive,1092,Jaipur,Night,2025-01-06,L4,Active
1919,Amy Hayes,HR,Analyst,1033,Mumbai,General,2024-09-15,L1,Active
1920,Samantha Martin,Operations,Associate,1053,Jaipur,Morning,2022-06-12,L2,Active
1921,Paula Edwards,Sales,Associate,1068,Mumbai,Night,2022-06-12,L2,Active
1922,Jocelyn Harris,Customer Support,Analyst,1025,Mumbai,Night,2023-03-16,L2,Active
1923,Deanna Wood,Operations,Coordinator,1060,Bangalore,Night,2023-04-01,L3,Active
1924,Thomas Greene,Technology,Team Lead,1095,Hyderabad,Night,2025-10-02,L1,Inactive
1925,Travis Best,Sales,Analyst,1084,Bangalore,Evening,2023-09-18,L1,Active
1926,Sheryl Edwards,Compliance,Coordinator,1015,Jaipur,General,2021-09-14,L4,Active
1927,Patrick Willis,Sales,Analyst,1056,Jaipur,General,2022-01-02,L1,Active
1928,Richard Jensen,Finance,Coordinator,1100,Hyderabad,General,2021-11-12,L2,Active
1929,Sarah Morris,Operations,Executive,1028,Pune,Morning,2024-06-17,L3,Active
1930,Albert Cook,HR,Manager,1083,Jaipur,Evening,2025-04-25,L3,Active
1931,Joshua Sanford,HR,Manager,1100,Jaipur,Morning,2023-11-28,L1,Active
1932,Derrick Sanchez,Technology,Team Lead,1077,Bangalore,Night,2025-11-05,L3,Active
1933,David Bonilla,Finance,Manager,1046,Remote,Night,2026-03-03,L4,Inactive
1934,Timothy Rowe,Finance,Associate,1042,Jaipur,General,2025-06-18,L3,Active
1935,Margaret Ellis,Technology,Senior Analyst,1027,Pune,General,2022-08-23,L4,Inactive
1936,Matthew Jones,Finance,Analyst,1003,Hyderabad,Morning,2022-08-02,L1,Active
1937,Angela Thomas,Sales,Executive,1087,Jaipur,General,2023-07-21,L1,Active
1938,Gregg Crawford,Operations,Manager,1072,Remote,Night,2023-08-03,L2,Active
1939,Jennifer Flowers,Compliance,Analyst,1017,Pune,General,2022-08-08,L2,Active
1940,Jo Riley,Operations,Team Lead,1022,Remote,Evening,2025-09-02,L2,Active
1941,Robert Pacheco,Finance,Senior Analyst,1059,Pune,General,2022-11-13,L1,Active
1942,Karen Adams DVM,Sales,Team Lead,1092,Mumbai,Night,2025-05-25,L3,Inactive
1943,Marcus Robinson,HR,Executive,1026,Hyderabad,Night,2025-05-31,L4,Active
1944,Katherine Sloan,HR,Associate,1085,Jaipur,Night,2022-09-23,L1,Active
1945,Eddie Soto,Customer Support,Coordinator,1029,Remote,Night,2022-05-25,L3,Active
1946,Mr. Allen Wiggins,Operations,Associate,1093,Hyderabad,Night,2022-04-20,L3,Inactive
1947,Elizabeth Weber,Operations,Manager,1043,Bangalore,General,2022-05-10,L2,Active
1948,Nancy Mitchell,Customer Support,Analyst,1016,Hyderabad,Morning,2021-12-28,L1,Active
1949,Angela Walker,Finance,Executive,1071,Hyderabad,Night,2025-04-16,L4,Active
1950,Sharon Smith,Compliance,Senior Analyst,1050,Remote,Night,2021-07-12,L4,Active
1951,Gerald Fuentes,Finance,Senior Analyst,1084,Hyderabad,Night,2024-10-05,L2,Inactive
1952,Karen Mack,Finance,Manager,1024,Jaipur,Night,2023-02-12,L4,Inactive
1953,Heidi Lopez,Sales,Senior Analyst,1065,Mumbai,Evening,2024-08-12,L4,Active
1954,Michelle Griffin,Customer Support,Executive,1065,Mumbai,Night,2022-11-25,L1,Active
1955,Zachary Rowe,Sales,Manager,1064,Jaipur,Evening,2025-05-23,L1,Active
1956,Debbie Esparza,HR,Analyst,1053,Bangalore,Evening,2023-07-12,L2,Inactive
1957,Shawn Manning,Compliance,Associate,1044,Hyderabad,Night,2022-11-18,L1,Active
1958,Teresa Preston,Finance,Associate,1045,Remote,Evening,2026-03-04,L2,Active
1959,Stephen Drake,Technology,Executive,1045,Pune,Evening,2022-08-21,L2,Inactive
1960,Shannon Meyer,Compliance,Associate,1083,Jaipur,Night,2022-01-04,L1,Inactive
1961,Amanda Mendoza,Compliance,Analyst,1004,Mumbai,General,2022-01-26,L1,Active
1962,Matthew Hall,Customer Support,Senior Analyst,1014,Remote,General,2025-03-14,L1,Inactive
1963,Danielle Moss,Sales,Associate,1007,Mumbai,Evening,2025-10-08,L1,Active
1964,James Lee,Customer Support,Senior Analyst,1024,Hyderabad,Night,2025-09-20,L4,Active
1965,David Perez,Compliance,Senior Analyst,1062,Mumbai,Morning,2025-03-28,L1,Active
1966,Timothy Erickson,Sales,Senior Analyst,1003,Remote,General,2023-06-22,L2,Active
1967,Steven Robinson,Operations,Analyst,1008,Jaipur,General,2025-08-23,L1,Active
1968,Matthew Harris MD,Finance,Manager,1063,Remote,General,2022-12-09,L3,Active
1969,Evan Davis,Sales,Associate,1086,Mumbai,Morning,2025-03-25,L2,Inactive
1970,Carol Martinez,Operations,Senior Analyst,1020,Hyderabad,Morning,2022-08-13,L4,Inactive
1971,Tyler Warner,HR,Analyst,1077,Hyderabad,Evening,2025-09-22,L3,Active
1972,Samantha Clark,HR,Manager,1059,Pune,Night,2025-10-31,L4,Active
1973,Joshua Haynes,Sales,Analyst,1037,Remote,General,2023-02-07,L1,Inactive
1974,Jennifer Hayes,Sales,Senior Analyst,1075,Mumbai,Evening,2023-08-11,L4,Active
1975,Michelle Carroll,HR,Analyst,1070,Pune,Morning,2024-12-23,L2,Active
1976,Erin Nguyen,Sales,Executive,1027,Remote,Night,2024-02-14,L2,Active
1977,Stephen Wagner,Technology,Team Lead,1049,Mumbai,Morning,2024-09-14,L2,Active
1978,Danielle Young,Operations,Team Lead,1046,Pune,Evening,2025-09-20,L2,Active
1979,Briana Rosario DDS,Sales,Executive,1039,Jaipur,Evening,2023-07-13,L3,Active
1980,Jason Peters,Customer Support,Analyst,1100,Pune,Morning,2022-11-05,L2,Inactive
1981,Jonathan Fuller,HR,Associate,1004,Remote,Evening,2023-10-28,L2,Active
1982,Kevin Pace,Compliance,Analyst,1035,Mumbai,General,2023-01-25,L1,Active
1983,Lisa Goodman,Compliance,Executive,1020,Jaipur,Evening,2025-07-03,L2,Active
1984,Andrea Reed,HR,Analyst,1081,Hyderabad,Evening,2025-11-11,L4,Active
1985,Todd Haynes,Customer Support,Coordinator,1004,Pune,Morning,2022-11-21,L3,Active
1986,Heather Garcia,Operations,Senior Analyst,1057,Remote,General,2024-05-14,L3,Inactive
1987,Victoria Johnson,Sales,Executive,1010,Remote,Morning,2023-06-03,L1,Active
1988,Elizabeth Mcconnell,Sales,Executive,1082,Hyderabad,Evening,2021-07-10,L3,Active
1989,Andrew Johnson,Compliance,Executive,1080,Hyderabad,Night,2022-10-16,L2,Inactive
1990,Amy Ortega,Operations,Manager,1053,Hyderabad,Evening,2025-05-17,L3,Inactive
1991,Robert Arellano,Finance,Senior Analyst,1068,Mumbai,Morning,2022-01-21,L4,Active
1992,Ethan Jackson,Operations,Team Lead,1032,Jaipur,Night,2022-05-23,L3,Active
1993,Todd Williams,Customer Support,Coordinator,1050,Hyderabad,Morning,2022-01-17,L1,Inactive
1994,Anthony Morris,Sales,Senior Analyst,1081,Bangalore,Night,2025-04-06,L1,Inactive
1995,Amanda Miles,Compliance,Associate,1006,Jaipur,Night,2022-03-17,L1,Active
1996,Robert Rice,Technology,Executive,1037,Pune,Night,2021-11-05,L3,Active
1997,Miguel Carter,Sales,Senior Analyst,1083,Mumbai,Night,2024-05-28,L3,Active
1998,Adriana Matthews DVM,Finance,Associate,1062,Pune,Morning,2022-07-30,L1,Active
1999,Joseph Joseph,Customer Support,Senior Analyst,1014,Bangalore,Night,2025-02-15,L1,Active
2000,Mallory Ward,Customer Support,Associate,1085,Jaipur,Night,2025-12-24,L4,Active
2001,Matthew Garrison,Customer Support,Executive,1069,Bangalore,Evening,2025-03-09,L3,Active
2002,Jill Smith,Sales,Senior Analyst,1056,Mumbai,Evening,2023-12-18,L1,Active
2003,Michelle Estrada,Compliance,Executive,1055,Remote,Evening,2026-03-01,L3,Active
2004,Jennifer Turner,Finance,Associate,1098,Mumbai,Morning,2026-03-14,L1,Inactive
2005,Sarah Pham,Sales,Team Lead,1092,Mumbai,Morning,2022-05-22,L1,Active
2006,David White,Customer Support,Analyst,1029,Hyderabad,General,2024-08-08,L2,Active
2007,Michelle Hernandez,Compliance,Coordinator,1011,Mumbai,General,2024-05-10,L4,Inactive
2008,Katherine Norton,Customer Support,Team Lead,1098,Mumbai,General,2022-01-25,L3,Active
2009,Daniel Gomez,Operations,Senior Analyst,1014,Remote,Night,2024-05-06,L4,Active
2010,Lisa Miller,Finance,Associate,1039,Bangalore,Morning,2023-05-19,L1,Active
2011,Richard Cunningham,Finance,Associate,1077,Jaipur,Morning,2024-07-03,L4,Active
2012,Angela Richards,Customer Support,Coordinator,1052,Hyderabad,Evening,2025-11-17,L1,Active
2013,Jennifer Hernandez,Compliance,Senior Analyst,1023,Jaipur,General,2026-04-05,L2,Inactive
2014,Victoria Gregory,HR,Associate,1026,Jaipur,Morning,2023-09-19,L3,Active
2015,Marilyn Wells,Customer Support,Analyst,1036,Jaipur,Night,2022-01-21,L4,Active
2016,Laura Walker,Compliance,Manager,1028,Hyderabad,General,2022-01-16,L1,Active
2017,Anthony Williams,Customer Support,Manager,1028,Bangalore,Night,2022-11-01,L2,Active
2018,Ronald Floyd,HR,Senior Analyst,1012,Remote,Evening,2025-01-25,L2,Active
2019,Lisa Andrews,HR,Associate,1063,Remote,Morning,2023-08-27,L3,Inactive
2020,Cody Wilson,Compliance,Coordinator,1046,Mumbai,Night,2022-11-19,L2,Active
2021,George Simon,HR,Analyst,1035,Bangalore,Night,2026-03-19,L4,Active
2022,Cynthia Allen,Compliance,Associate,1095,Jaipur,General,2021-09-03,L4,Active
2023,Jeffrey Garcia,Customer Support,Senior Analyst,1021,Bangalore,General,2023-11-27,L1,Inactive
2024,Patrick Williams,Customer Support,Analyst,1093,Pune,General,2023-12-24,L2,Active
2025,Sara Richardson,Operations,Executive,1085,Hyderabad,Evening,2022-01-19,L1,Active
2026,Deborah Pham,Customer Support,Executive,1100,Pune,Evening,2022-02-09,L1,Inactive
2027,James Brown,Customer Support,Analyst,1009,Hyderabad,Evening,2025-04-27,L4,Inactive
2028,Randall Hernandez,Compliance,Senior Analyst,1056,Hyderabad,Night,2024-03-30,L1,Inactive
2029,Dr. Darren Woods,Compliance,Associate,1043,Mumbai,Night,2024-03-22,L3,Active
2030,Robert Rodriguez,HR,Team Lead,1020,Remote,General,2023-09-23,L3,Active
2031,Denise Long,HR,Executive,1056,Jaipur,General,2024-04-15,L1,Active
2032,John Brown,Operations,Manager,1068,Bangalore,Morning,2022-08-07,L3,Inactive
2033,Caitlin Heath,Sales,Associate,1093,Mumbai,Morning,2024-12-25,L1,Active
2034,Charles Dunlap,Sales,Team Lead,1019,Remote,Night,2022-04-16,L3,Active
2035,Raven Craig,Compliance,Team Lead,1076,Pune,General,2024-07-30,L2,Active
2036,Brenda Hall,Technology,Associate,1033,Hyderabad,Evening,2023-11-05,L4,Inactive
2037,Melinda Vaughn,HR,Manager,1016,Pune,General,2025-07-22,L1,Active
2038,Justin Simpson,Operations,Senior Analyst,1069,Jaipur,Evening,2025-04-07,L4,Active
2039,Jason Murphy,HR,Senior Analyst,1005,Bangalore,Evening,2023-07-27,L1,Active
2040,Luis Roth,Sales,Analyst,1089,Pune,Evening,2023-12-18,L2,Active
2041,Juan Sherman,Compliance,Executive,1085,Jaipur,Morning,2025-07-31,L4,Active
2042,Jimmy Reynolds,Operations,Senior Analyst,1066,Jaipur,Evening,2023-11-07,L2,Inactive
2043,Erika Gonzalez DDS,Compliance,Associate,1067,Hyderabad,Evening,2022-04-25,L2,Active
2044,Tiffany Bailey,Customer Support,Analyst,1015,Mumbai,Night,2025-08-21,L4,Inactive
2045,Michelle Burch,Technology,Executive,1008,Remote,Morning,2022-07-28,L3,Active
2046,Dana Sanchez,Finance,Team Lead,1051,Jaipur,Morning,2026-05-19,L2,Active
2047,Christina Carr,Operations,Executive,1010,Bangalore,Evening,2021-12-22,L1,Active
2048,James Mcclure,Finance,Manager,1078,Pune,Evening,2024-10-27,L4,Active
2049,Lisa Conner,HR,Senior Analyst,1046,Pune,Morning,2026-04-05,L1,Active
2050,Stephen Walton,Compliance,Executive,1092,Hyderabad,Night,2025-11-14,L1,Active
2051,Courtney Powell,Operations,Coordinator,1029,Hyderabad,Night,2024-09-25,L4,Inactive
2052,Melissa Gibson,Compliance,Senior Analyst,1059,Hyderabad,Morning,2026-03-24,L2,Active
2053,Kevin Mathis,Technology,Analyst,1088,Remote,Night,2022-07-04,L2,Active
2054,Mary Shaw,HR,Team Lead,1027,Remote,Evening,2022-03-05,L3,Active
2055,Jason Beck,Compliance,Team Lead,1074,Remote,General,2024-03-12,L4,Active
2056,Jeremiah Stevens,Sales,Executive,1019,Mumbai,Evening,2021-12-13,L1,Inactive
2057,Adrian Salazar,Technology,Executive,1017,Pune,Evening,2021-11-22,L4,Active
2058,Deanna Smith,Operations,Associate,1083,Bangalore,Evening,2026-02-09,L3,Active
2059,Nichole Ho,Sales,Associate,1013,Mumbai,General,2025-09-16,L1,Active
2060,Allison Yang,Sales,Executive,1087,Jaipur,General,2026-01-30,L4,Active
2061,Christopher Crawford,Finance,Executive,1029,Remote,Morning,2022-12-27,L4,Active
2062,David Hayes,Operations,Senior Analyst,1079,Remote,Morning,2025-09-25,L1,Active
2063,Elizabeth Edwards,Customer Support,Team Lead,1032,Pune,General,2024-02-15,L1,Active
2064,Alexandria Sanchez,HR,Executive,1093,Bangalore,Night,2022-09-17,L4,Active
2065,Karina Taylor,Sales,Coordinator,1001,Bangalore,Night,2023-03-14,L2,Active
2066,Mr. Thomas Martinez,Customer Support,Associate,1098,Hyderabad,Morning,2025-05-21,L3,Active
2067,Emily Campbell,Technology,Senior Analyst,1063,Remote,Evening,2024-10-07,L2,Active
2068,Tony Mccarthy,Operations,Executive,1025,Remote,Night,2023-11-25,L4,Inactive
2069,William White,Sales,Senior Analyst,1098,Remote,General,2025-09-13,L3,Active
2070,Kimberly Martinez,HR,Team Lead,1027,Mumbai,General,2021-09-22,L3,Active
2071,Matthew Kramer,Customer Support,Coordinator,1026,Remote,Morning,2022-08-13,L1,Active
2072,Mathew Keller,Operations,Coordinator,1012,Hyderabad,Evening,2022-10-22,L1,Inactive
2073,Peter Martinez,Sales,Senior Analyst,1096,Remote,Evening,2025-10-06,L4,Active
2074,Jacqueline Hanson,Technology,Executive,1012,Jaipur,Evening,2024-11-12,L4,Inactive
2075,Donna Jackson,Operations,Manager,1011,Bangalore,Night,2022-06-01,L3,Active
2076,David Miller,Operations,Analyst,1008,Hyderabad,Evening,2024-10-06,L2,Active
2077,Timothy Bartlett,Sales,Manager,1097,Pune,Night,2025-04-08,L3,Active
2078,Johnny Crawford,Finance,Analyst,1004,Mumbai,General,2022-05-01,L3,Active
2079,Ryan Fisher,Compliance,Team Lead,1003,Bangalore,Evening,2022-10-29,L3,Active
2080,Tammy Williams,Finance,Team Lead,1034,Mumbai,Evening,2024-11-06,L4,Active
2081,James Ortega,HR,Coordinator,1089,Jaipur,General,2023-05-11,L2,Active
2082,Blake Hamilton II,Finance,Executive,1026,Bangalore,Evening,2025-06-25,L3,Inactive
2083,Christopher King,Compliance,Coordinator,1089,Mumbai,General,2025-03-31,L4,Active
2084,Cynthia Berry,Customer Support,Analyst,1048,Pune,Night,2024-01-09,L3,Active
2085,Timothy Johnston,Technology,Team Lead,1046,Mumbai,General,2022-04-20,L2,Inactive
2086,Jeffrey Turner,Technology,Executive,1013,Remote,Evening,2021-07-08,L2,Active
2087,Dylan Hunt,Customer Support,Associate,1015,Pune,General,2022-04-02,L2,Active
2088,Nicholas Horton,HR,Manager,1050,Remote,General,2024-03-19,L3,Active
2089,Joshua Mcneil,HR,Team Lead,1040,Jaipur,Evening,2025-02-13,L4,Active
2090,Virginia Chaney,Sales,Executive,1006,Jaipur,Night,2026-03-28,L1,Active
2091,Heather Rojas,Operations,Executive,1075,Mumbai,Night,2026-01-17,L3,Active
2092,Cheryl Stevens,HR,Analyst,1094,Remote,Morning,2023-06-30,L3,Inactive
2093,Darrell Hinton,Finance,Coordinator,1004,Bangalore,Evening,2025-07-07,L4,Active
2094,Elizabeth Simmons,Compliance,Associate,1069,Bangalore,General,2023-06-10,L1,Inactive
2095,Joseph Webb,Operations,Executive,1014,Remote,Evening,2022-02-28,L2,Inactive
2096,Sherry Edwards,Operations,Manager,1052,Pune,General,2021-07-08,L1,Inactive
2097,James Dunlap,Customer Support,Executive,1096,Bangalore,Night,2022-11-11,L3,Active
2098,Samantha Robertson,Operations,Associate,1002,Hyderabad,General,2023-07-15,L1,Active
2099,Laura Kelly,Sales,Coordinator,1080,Hyderabad,General,2023-03-05,L2,Active
2100,Thomas Murphy,Finance,Manager,1033,Bangalore,Morning,2024-01-09,L1,Active
2101,Michelle Sheppard,Technology,Team Lead,1057,Pune,Night,2024-05-07,L3,Active
2102,David Park,Sales,Coordinator,1088,Mumbai,Evening,2024-05-08,L1,Active
2103,Stacey Dunn,Compliance,Manager,1007,Jaipur,Night,2025-01-05,L1,Active
2104,Cindy Lee,Compliance,Manager,1062,Hyderabad,Evening,2025-09-30,L3,Active
2105,Dr. Keith Williams,Sales,Senior Analyst,1094,Hyderabad,General,2023-02-02,L4,Active
2106,Alicia Contreras,Operations,Executive,1078,Mumbai,Night,2026-03-22,L1,Active
2107,Jacqueline Reed,Customer Support,Team Lead,1066,Pune,General,2023-11-26,L1,Inactive
2108,Terry Thomas,Sales,Analyst,1037,Mumbai,General,2022-01-20,L1,Active
2109,Bryan Gilbert,Customer Support,Associate,1085,Mumbai,General,2024-08-05,L2,Active
2110,Amy Peterson,HR,Associate,1088,Bangalore,Night,2024-01-05,L1,Inactive
2111,Martin Decker,Customer Support,Team Lead,1099,Hyderabad,General,2022-06-13,L2,Active
2112,Jeffrey Blake,Technology,Team Lead,1067,Hyderabad,Morning,2025-08-31,L4,Inactive
2113,Joshua Rose,Sales,Manager,1045,Mumbai,General,2024-09-22,L3,Active
2114,Penny Gordon,Technology,Associate,1063,Remote,Morning,2025-05-09,L3,Active
2115,Nicholas Freeman,Operations,Associate,1049,Pune,General,2023-02-11,L3,Active
2116,Peter Howell,Sales,Manager,1052,Hyderabad,Morning,2023-04-16,L3,Active
2117,Jill Wells,Finance,Associate,1039,Jaipur,Morning,2022-06-09,L4,Inactive
2118,Paula Conrad,Operations,Team Lead,1032,Hyderabad,Night,2022-03-11,L4,Active
2119,Mary Avila,Customer Support,Associate,1081,Hyderabad,Morning,2026-02-07,L2,Active
2120,Tyler Lane,Finance,Associate,1093,Remote,Morning,2023-04-20,L2,Inactive
2121,Kelly Gutierrez,Compliance,Coordinator,1042,Hyderabad,Night,2024-12-02,L2,Active
2122,Cheryl Young,Sales,Analyst,1003,Jaipur,Morning,2024-06-18,L2,Inactive
2123,Doris Bailey,Technology,Team Lead,1093,Hyderabad,Evening,2023-03-13,L1,Inactive
2124,Thomas Leon,Sales,Team Lead,1073,Mumbai,Morning,2022-03-23,L1,Active
2125,Amber Nixon,Technology,Team Lead,1053,Remote,Morning,2025-08-04,L1,Active
2126,Robert Stanley,HR,Executive,1056,Hyderabad,Night,2023-07-02,L3,Active
2127,Maria Bautista,Customer Support,Coordinator,1027,Jaipur,General,2024-06-05,L3,Inactive
2128,Scott Stephenson,Compliance,Team Lead,1064,Mumbai,Night,2024-10-11,L4,Inactive
2129,Leslie Butler,Technology,Manager,1067,Hyderabad,General,2024-01-03,L2,Active
2130,Natasha George,Operations,Senior Analyst,1081,Remote,Night,2021-07-18,L4,Active
2131,Nicole Martin,Customer Support,Executive,1010,Pune,Evening,2022-07-30,L4,Active
2132,James Miller,Operations,Senior Analyst,1003,Jaipur,Evening,2025-03-27,L4,Active
2133,Nicole Hutchinson,Technology,Manager,1014,Jaipur,Morning,2024-11-24,L3,Active
2134,Faith Adams,HR,Associate,1028,Jaipur,Evening,2023-02-18,L4,Active
2135,Crystal Brown,Sales,Associate,1059,Hyderabad,General,2025-06-07,L4,Active
2136,Anthony Cruz,Compliance,Senior Analyst,1046,Remote,Evening,2021-12-16,L2,Active
2137,Cynthia Solomon,Compliance,Manager,1068,Mumbai,Evening,2025-09-19,L3,Active
2138,Michael Martinez,Sales,Associate,1097,Hyderabad,Night,2023-04-27,L1,Active
2139,Ricky Houston,Customer Support,Senior Analyst,1012,Mumbai,Evening,2024-02-27,L1,Active
2140,Michael Nash,Finance,Executive,1085,Pune,General,2026-05-25,L3,Active
2141,Tony Jackson,Technology,Manager,1033,Bangalore,Night,2022-01-15,L2,Active
2142,Laura Cummings,Sales,Executive,1050,Remote,General,2024-11-25,L1,Active
2143,Scott Ramirez,Finance,Senior Analyst,1050,Pune,Morning,2023-09-12,L3,Active
2144,Ruth Barker,Operations,Associate,1055,Hyderabad,Evening,2021-12-28,L4,Inactive
2145,Sharon Kelly,Sales,Coordinator,1034,Jaipur,Evening,2026-05-02,L3,Active
2146,Michael Mcdonald,Technology,Team Lead,1061,Mumbai,Morning,2022-03-30,L1,Active
2147,Daniel Whitney,Customer Support,Team Lead,1091,Bangalore,Evening,2022-02-01,L4,Active
2148,Dr. Jordan Mendoza,Customer Support,Associate,1095,Bangalore,Evening,2022-03-12,L1,Inactive
2149,Danielle Kelly,Technology,Analyst,1057,Hyderabad,Morning,2022-02-14,L1,Active
2150,Brianna Serrano,HR,Executive,1032,Remote,General,2022-07-16,L3,Active
2151,Jennifer Nguyen,Operations,Executive,1087,Hyderabad,Morning,2024-09-19,L2,Active
2152,Tara Norris,Finance,Executive,1015,Remote,Night,2021-09-09,L1,Active
2153,Ashley Parrish,Finance,Analyst,1050,Mumbai,Morning,2024-04-14,L2,Active
2154,Christopher Rogers,Compliance,Team Lead,1036,Remote,Morning,2024-08-07,L4,Inactive
2155,Micheal Lane,Customer Support,Coordinator,1054,Hyderabad,Morning,2023-09-08,L4,Active
2156,Kristin Wiggins,HR,Executive,1020,Hyderabad,Morning,2026-03-29,L1,Active
2157,James Reilly,Finance,Executive,1005,Pune,Night,2022-12-18,L2,Active
2158,Charles Donovan,Finance,Team Lead,1041,Jaipur,Morning,2022-09-13,L2,Active
2159,Anthony Evans,Customer Support,Team Lead,1067,Remote,Night,2021-08-24,L4,Active
2160,Christy Fowler,Customer Support,Manager,1045,Pune,Night,2025-10-06,L3,Active
2161,Alexandra Wu,Customer Support,Manager,1060,Pune,Evening,2022-06-23,L3,Active
2162,Joanna Guzman,Compliance,Analyst,1029,Hyderabad,Night,2024-08-28,L4,Inactive
2163,Russell Jones,Finance,Executive,1019,Bangalore,Evening,2023-03-27,L2,Active
2164,Larry Jones,Finance,Manager,1014,Jaipur,General,2024-06-03,L1,Active
2165,Rachel Smith MD,HR,Team Lead,1099,Remote,General,2025-12-24,L1,Active
2166,Jennifer Pierce,Finance,Associate,1013,Bangalore,Morning,2022-05-28,L4,Active
2167,Brandon Wood,Compliance,Associate,1089,Hyderabad,Morning,2021-08-06,L2,Active
2168,Donald Shah,Operations,Analyst,1046,Hyderabad,Night,2025-06-19,L1,Active
2169,Amanda Carter,Finance,Analyst,1086,Mumbai,Night,2025-08-19,L4,Active
2170,Alyssa Flores,Operations,Coordinator,1024,Pune,Morning,2026-05-04,L2,Active
2171,Paul Herman,Finance,Analyst,1027,Pune,Evening,2022-12-05,L3,Active
2172,Terry Parker,HR,Associate,1052,Hyderabad,Night,2022-09-08,L2,Inactive
2173,Amanda Galvan,Customer Support,Manager,1049,Jaipur,Night,2023-01-14,L4,Active
2174,Daniel Mckay,Operations,Manager,1032,Remote,Night,2023-10-25,L4,Active
2175,Melissa Combs,Sales,Senior Analyst,1035,Remote,Evening,2025-07-02,L4,Active
2176,Shane Trevino DDS,Customer Support,Manager,1081,Hyderabad,Morning,2024-04-13,L4,Inactive
2177,Scott Ellis,Operations,Executive,1073,Mumbai,General,2026-05-20,L3,Active
2178,Julie Miles,Operations,Team Lead,1098,Bangalore,Morning,2025-11-26,L2,Active
2179,Karen Wright,Technology,Senior Analyst,1025,Jaipur,General,2026-05-02,L3,Active
2180,Jacqueline Davis,Compliance,Manager,1039,Remote,General,2025-11-03,L1,Active
2181,Michele Nicholson,Technology,Team Lead,1070,Pune,General,2024-10-03,L3,Inactive
2182,Terry Lucero,Finance,Senior Analyst,1058,Jaipur,Morning,2024-05-25,L3,Active
2183,Jenna Perkins,Operations,Executive,1041,Hyderabad,Evening,2021-09-21,L4,Inactive
2184,Michelle Booker,Sales,Manager,1090,Mumbai,Night,2024-07-26,L1,Active
2185,Collin Fischer,Finance,Senior Analyst,1066,Pune,General,2023-01-12,L3,Active
2186,Amy Smith,Operations,Senior Analyst,1035,Remote,Night,2024-05-17,L3,Inactive
2187,Bryan Shaw,Customer Support,Analyst,1019,Pune,Night,2024-08-03,L1,Active
2188,Sarah Gray,Customer Support,Analyst,1011,Mumbai,Evening,2025-06-12,L4,Inactive
2189,Anthony Lyons,Finance,Senior Analyst,1091,Hyderabad,Morning,2022-03-13,L2,Inactive
2190,Michael Roman,HR,Team Lead,1023,Mumbai,Night,2026-01-06,L4,Active
2191,Laura Nguyen,Technology,Associate,1036,Remote,General,2022-08-07,L2,Active
2192,Lori Randall,Sales,Senior Analyst,1072,Hyderabad,General,2024-08-10,L1,Active
2193,Ariana Dawson,Finance,Senior Analyst,1070,Bangalore,Evening,2024-08-21,L4,Active
2194,Robert Perry,Finance,Team Lead,1050,Bangalore,General,2024-07-29,L2,Active
2195,Angie Gates,Sales,Team Lead,1024,Remote,Night,2026-05-01,L4,Active
2196,Laura Chambers,HR,Team Lead,1054,Hyderabad,Night,2024-03-06,L1,Inactive
2197,Christina Tran,HR,Analyst,1053,Pune,Evening,2021-12-21,L3,Inactive
2198,Joshua Reynolds,Finance,Executive,1070,Pune,Night,2022-02-01,L1,Active
2199,Jessica Jackson,Finance,Manager,1002,Remote,Morning,2021-10-26,L3,Active
2200,Randall Moore,Finance,Associate,1082,Jaipur,Morning,2026-05-12,L4,Inactive
2201,Ryan Moss,Customer Support,Manager,1019,Hyderabad,Morning,2022-11-07,L3,Inactive
2202,Jeffrey Cordova,HR,Senior Analyst,1025,Mumbai,Evening,2024-02-14,L1,Inactive
2203,David Davis,Finance,Manager,1061,Remote,Night,2023-03-03,L4,Inactive
2204,Anthony Lam,Customer Support,Team Lead,1086,Mumbai,Evening,2023-03-30,L4,Active
2205,Faith Bentley,Compliance,Team Lead,1027,Pune,Morning,2026-05-18,L3,Active
2206,Cameron Schwartz,Sales,Analyst,1001,Hyderabad,Night,2025-10-05,L2,Active
2207,Angela Williams,Technology,Senior Analyst,1077,Hyderabad,Night,2024-02-19,L3,Active
2208,John Smith,Compliance,Associate,1047,Mumbai,Morning,2026-04-08,L2,Inactive
2209,Andrea Patton,Operations,Team Lead,1068,Jaipur,Night,2023-03-30,L4,Active
2210,Lance Lara,HR,Team Lead,1069,Bangalore,Evening,2023-02-23,L2,Active
2211,Maria Johnson,Compliance,Coordinator,1005,Mumbai,Morning,2021-12-29,L3,Active
2212,Amy Dorsey,HR,Executive,1010,Bangalore,Morning,2023-12-01,L4,Inactive
2213,Alicia Conway,Finance,Associate,1070,Hyderabad,General,2026-05-27,L3,Active
2214,Stacey Green,Technology,Associate,1077,Pune,Evening,2022-08-20,L2,Active
2215,Teresa Stevens,HR,Associate,1096,Pune,Night,2024-11-17,L2,Active
2216,Michael Rush,Compliance,Senior Analyst,1007,Jaipur,Night,2023-08-21,L4,Active
2217,Holly Ho,HR,Associate,1070,Hyderabad,Evening,2026-01-15,L2,Inactive
2218,Patrick Mcpherson,Finance,Executive,1013,Hyderabad,Morning,2022-05-18,L3,Active
2219,David Munoz,Sales,Associate,1098,Remote,Night,2023-03-03,L4,Active
2220,Stephanie Banks,HR,Associate,1040,Bangalore,Morning,2024-04-30,L3,Inactive
2221,Clayton Jones,Customer Support,Team Lead,1073,Remote,General,2023-02-06,L2,Active
2222,Jill Fernandez,Customer Support,Executive,1068,Remote,Night,2024-12-04,L4,Inactive
2223,Jeffery Haley,Customer Support,Team Lead,1042,Jaipur,Morning,2024-02-25,L4,Active
2224,Heather Harper,Customer Support,Executive,1002,Hyderabad,Evening,2023-12-19,L4,Active
2225,Haley Cole,Technology,Associate,1038,Remote,Morning,2021-09-06,L3,Active
2226,Kristi Williams,Operations,Analyst,1019,Remote,Night,2026-02-20,L1,Inactive
2227,Jeff Cochran,Operations,Senior Analyst,1088,Hyderabad,Night,2023-01-29,L4,Active
2228,Carolyn Hill,Sales,Manager,1064,Jaipur,Evening,2026-02-02,L4,Active
2229,James Stanley,Customer Support,Coordinator,1044,Jaipur,Night,2022-10-06,L4,Active
2230,Marcus Hernandez,HR,Associate,1089,Bangalore,Night,2023-09-08,L1,Active
2231,Emily Strong,Compliance,Associate,1027,Hyderabad,Evening,2024-12-21,L3,Active
2232,Tanya Walker,Sales,Executive,1053,Pune,Night,2021-11-22,L1,Active
2233,Donald Ho,Finance,Manager,1070,Hyderabad,General,2023-07-27,L3,Active
2234,Sabrina Smith,Operations,Coordinator,1056,Jaipur,Morning,2021-09-08,L2,Inactive
2235,Tina Clark,HR,Coordinator,1071,Pune,General,2024-01-03,L1,Active
2236,Nancy Burton,Operations,Executive,1057,Mumbai,Evening,2025-10-23,L4,Inactive
2237,David Baker,Compliance,Manager,1017,Pune,General,2024-02-05,L2,Active
2238,John Williams,HR,Coordinator,1068,Jaipur,Morning,2022-04-06,L2,Active
2239,Carlos Mayo,Customer Support,Analyst,1002,Pune,General,2023-06-16,L2,Active
2240,Lisa Simmons,Finance,Manager,1015,Bangalore,General,2022-08-07,L3,Inactive
2241,Jordan Lynch,HR,Team Lead,1088,Pune,General,2023-03-05,L3,Active
2242,Robert Morris,Compliance,Coordinator,1025,Hyderabad,General,2023-10-12,L4,Active
2243,Aaron Brown,Finance,Coordinator,1062,Jaipur,Night,2021-06-20,L4,Inactive
2244,Mark Turner,Compliance,Associate,1083,Jaipur,Evening,2024-01-07,L1,Active
2245,Jonathan Davis,Finance,Executive,1098,Jaipur,Morning,2022-08-16,L2,Inactive
2246,Christina Horton,Technology,Team Lead,1038,Remote,General,2025-10-06,L1,Active
2247,Lindsey Jimenez,Compliance,Analyst,1010,Bangalore,Night,2022-03-02,L2,Active
2248,Suzanne Martin DVM,Technology,Coordinator,1081,Jaipur,Evening,2024-11-15,L3,Inactive
2249,Ashley Williams,Operations,Analyst,1092,Pune,Morning,2022-01-19,L2,Active
2250,Robert Braun,Sales,Analyst,1016,Hyderabad,Night,2023-03-18,L4,Active
2251,Jaime Freeman,Operations,Analyst,1095,Mumbai,Night,2023-10-06,L2,Active
2252,Brittany Scott,Finance,Team Lead,1046,Pune,Night,2024-07-25,L2,Active
2253,Lori Franco,Operations,Team Lead,1005,Hyderabad,Morning,2023-07-07,L4,Inactive
2254,Donald Sanchez,Compliance,Coordinator,1099,Pune,Morning,2025-02-20,L1,Active
2255,Andrew Hester,Customer Support,Senior Analyst,1089,Mumbai,General,2025-05-24,L4,Active
2256,Gregory Jackson,Finance,Executive,1044,Bangalore,Morning,2021-09-27,L1,Active
2257,David Martin,HR,Senior Analyst,1017,Jaipur,Evening,2022-06-20,L3,Inactive
2258,Aaron Rosario,HR,Senior Analyst,1091,Hyderabad,General,2021-12-05,L3,Active
2259,Sheila Li,Technology,Team Lead,1008,Hyderabad,General,2023-11-23,L1,Active
2260,Jessica Clark,HR,Team Lead,1060,Hyderabad,General,2021-07-20,L2,Active
2261,Ashley Morrison,Compliance,Team Lead,1037,Pune,Morning,2024-11-18,L1,Active
2262,Valerie King,Customer Support,Coordinator,1060,Hyderabad,Evening,2022-03-02,L3,Active
2263,Brandon Montoya DVM,Finance,Associate,1071,Mumbai,Evening,2023-11-07,L1,Active
2264,Brenda Harvey,Technology,Manager,1058,Jaipur,Night,2021-06-15,L1,Active
2265,Matthew Wolfe,Sales,Coordinator,1025,Hyderabad,Night,2023-02-22,L3,Active
2266,Kirk Brennan,Compliance,Executive,1032,Mumbai,Night,2022-10-22,L2,Active
2267,Travis Taylor,Finance,Team Lead,1086,Bangalore,Evening,2024-03-31,L3,Active
2268,David Smith,HR,Manager,1033,Hyderabad,Evening,2026-01-10,L3,Inactive
2269,Timothy Holmes,Operations,Manager,1007,Remote,General,2025-05-30,L1,Active
2270,Laura Thompson,Technology,Team Lead,1077,Hyderabad,Morning,2023-04-12,L2,Active
2271,Susan Sanders,Sales,Senior Analyst,1100,Pune,Morning,2021-06-23,L2,Active
2272,Amanda Ryan,HR,Manager,1001,Hyderabad,Evening,2026-05-16,L2,Active
2273,Kevin Nixon,Finance,Team Lead,1027,Jaipur,Evening,2025-11-01,L2,Active
2274,Joseph Turner,Compliance,Executive,1006,Jaipur,Evening,2024-04-16,L3,Active
2275,Benjamin Lawrence,Customer Support,Manager,1061,Pune,Morning,2026-01-22,L1,Inactive
2276,Annette Thornton,Operations,Coordinator,1016,Jaipur,Morning,2026-02-03,L1,Inactive
2277,Michelle Andrews,Finance,Associate,1042,Remote,Morning,2026-04-22,L2,Active
2278,Stephen Hart MD,Sales,Senior Analyst,1050,Pune,Evening,2026-01-05,L2,Active
2279,Julia Wagner,Customer Support,Associate,1091,Bangalore,Morning,2022-04-11,L4,Inactive
2280,Joshua Ryan,Compliance,Senior Analyst,1096,Pune,Evening,2023-12-30,L1,Active
2281,William Watkins,Compliance,Executive,1012,Mumbai,Evening,2024-07-11,L1,Active
2282,Michael Payne,HR,Analyst,1057,Pune,Evening,2024-08-22,L1,Active
2283,Jeremy Potts,Customer Support,Analyst,1008,Hyderabad,General,2022-04-08,L1,Inactive
2284,Patrick Smith,Finance,Team Lead,1092,Pune,Night,2023-01-14,L1,Active
2285,Susan Ramos,Compliance,Coordinator,1053,Remote,Night,2024-07-19,L4,Inactive
2286,Eric Becker,Customer Support,Manager,1016,Remote,Morning,2022-09-07,L4,Inactive
2287,Robert Brown MD,Compliance,Manager,1029,Hyderabad,Night,2023-07-30,L1,Inactive
2288,Gregory Rodriguez,Customer Support,Associate,1018,Mumbai,Night,2024-02-19,L1,Active
2289,James Thompson,Finance,Coordinator,1060,Bangalore,Evening,2022-05-26,L1,Active
2290,Angela Brown,Customer Support,Analyst,1045,Jaipur,Evening,2024-06-18,L3,Active
2291,Samantha Jones,Customer Support,Executive,1002,Hyderabad,Evening,2024-12-04,L2,Inactive
2292,Scott Miller,HR,Associate,1046,Remote,General,2025-08-13,L1,Inactive
2293,Stephanie Watkins,Operations,Team Lead,1005,Pune,Morning,2025-01-22,L4,Inactive
2294,Sandra Davis,Technology,Executive,1036,Jaipur,Night,2023-12-03,L2,Active
2295,Jesse Jordan,HR,Coordinator,1054,Bangalore,General,2025-01-18,L3,Active
2296,Derrick Fisher,Sales,Coordinator,1019,Hyderabad,Evening,2024-05-04,L3,Active
2297,Kevin Nichols,Finance,Coordinator,1086,Jaipur,General,2024-08-05,L3,Active
2298,Kaylee Garcia,HR,Associate,1023,Pune,Night,2024-10-05,L4,Active
2299,Angela Herman,Compliance,Executive,1080,Remote,Evening,2024-02-13,L2,Active
2300,Shannon Contreras,Sales,Manager,1045,Mumbai,Evening,2021-11-07,L1,Active
2301,Raymond Myers,Compliance,Manager,1021,Mumbai,Night,2026-01-02,L3,Active
2302,Jennifer Martinez,Customer Support,Manager,1074,Pune,Evening,2024-05-01,L1,Inactive
2303,Juan Johnson,Operations,Team Lead,1064,Hyderabad,Morning,2021-09-12,L1,Active
2304,Shannon Montoya,Customer Support,Team Lead,1004,Hyderabad,General,2024-01-05,L4,Active
2305,Katherine Terrell,HR,Associate,1073,Hyderabad,Night,2025-06-29,L1,Inactive
2306,Lisa Spencer,HR,Analyst,1029,Pune,General,2025-11-20,L1,Active
2307,Jason Vega,Sales,Team Lead,1039,Pune,Morning,2021-10-17,L1,Active
2308,Lisa Reynolds,HR,Associate,1012,Hyderabad,Morning,2026-02-18,L2,Active
2309,Victoria Brooks,Technology,Senior Analyst,1028,Hyderabad,Night,2022-12-06,L3,Active
2310,Mariah Lawrence,Compliance,Coordinator,1053,Jaipur,Night,2023-01-10,L3,Inactive
2311,Crystal Perkins,Customer Support,Team Lead,1005,Remote,Evening,2025-06-02,L3,Active
2312,Mr. Michael Dennis,Technology,Analyst,1070,Bangalore,General,2024-11-24,L2,Inactive
2313,Jimmy York,Sales,Team Lead,1040,Jaipur,General,2021-08-01,L2,Active
2314,Jo Stewart,Compliance,Coordinator,1092,Remote,Night,2024-12-11,L2,Active
2315,Dawn Morgan,Sales,Senior Analyst,1025,Bangalore,General,2022-07-07,L3,Active
2316,Shannon Griffin,Customer Support,Manager,1087,Hyderabad,Night,2022-03-24,L4,Active
2317,Larry Suarez,Technology,Executive,1007,Pune,General,2023-04-18,L4,Inactive
2318,Alexander Hammond,Compliance,Senior Analyst,1056,Bangalore,Night,2021-06-05,L4,Inactive
2319,Patrick Williams,Finance,Analyst,1011,Bangalore,Morning,2022-03-12,L3,Active
2320,Holly Harris,Customer Support,Team Lead,1044,Bangalore,Night,2023-07-13,L2,Active
2321,David Wilson,Compliance,Team Lead,1005,Remote,General,2023-06-06,L2,Active
2322,Wendy Butler,Finance,Executive,1094,Remote,Morning,2022-04-08,L2,Active
2323,Linda Daniel,Customer Support,Senior Analyst,1071,Mumbai,Morning,2024-12-27,L2,Active
2324,Lisa Morrison,Customer Support,Coordinator,1039,Pune,Morning,2022-09-17,L4,Active
2325,Michael King,Compliance,Senior Analyst,1077,Hyderabad,General,2024-03-31,L3,Inactive
2326,Crystal Campos,Operations,Associate,1089,Bangalore,Evening,2023-05-21,L4,Active
2327,Kevin Anderson,Customer Support,Team Lead,1046,Jaipur,Evening,2025-06-02,L3,Active
2328,Anna Nguyen,HR,Team Lead,1086,Remote,Evening,2025-09-16,L4,Inactive
2329,David Ross,Technology,Associate,1038,Mumbai,General,2022-04-21,L3,Inactive
2330,Alexander Sanchez,Sales,Coordinator,1043,Jaipur,Night,2021-11-17,L2,Active
2331,Mark Phillips,Compliance,Senior Analyst,1060,Pune,Night,2022-07-08,L4,Inactive
2332,Deborah Conrad,Operations,Senior Analyst,1058,Mumbai,Night,2023-02-22,L1,Active
2333,Anne Mcfarland,Sales,Coordinator,1093,Hyderabad,Evening,2023-11-23,L2,Active
2334,Alan Schneider,Technology,Manager,1056,Jaipur,Night,2023-07-13,L3,Inactive
2335,Crystal Logan,Operations,Senior Analyst,1011,Bangalore,Night,2025-06-16,L1,Inactive
2336,Jessica Williams,Technology,Team Lead,1017,Remote,Morning,2023-12-12,L2,Active
2337,Lucas Morris,HR,Manager,1058,Remote,Morning,2025-07-07,L1,Active
2338,Logan Ward,Finance,Associate,1006,Pune,Night,2022-04-11,L3,Active
2339,Susan Gonzalez,Customer Support,Associate,1012,Mumbai,Night,2023-07-14,L2,Active
2340,Seth Rodriguez,HR,Senior Analyst,1062,Pune,Evening,2022-12-02,L1,Active
2341,Eric Hill,Technology,Analyst,1055,Hyderabad,Night,2021-09-30,L1,Active
2342,Brett Leon,Technology,Coordinator,1049,Remote,Night,2025-03-12,L3,Inactive
2343,Robin Page,Operations,Team Lead,1100,Jaipur,Evening,2022-12-11,L1,Active
2344,Kevin Jones,Customer Support,Team Lead,1096,Remote,Evening,2024-08-04,L4,Active
2345,Tina Griffith,Technology,Senior Analyst,1047,Remote,Evening,2023-09-12,L4,Active
2346,Nicole Mueller,Technology,Manager,1051,Jaipur,Evening,2025-12-09,L3,Active
2347,Julie Hanson,Compliance,Manager,1064,Hyderabad,General,2023-02-13,L1,Active
2348,Jodi Gregory,Customer Support,Executive,1050,Pune,Evening,2024-11-16,L3,Active
2349,Billy Jones,Sales,Manager,1074,Remote,Evening,2022-12-15,L3,Active
2350,Debra Downs,Technology,Manager,1033,Hyderabad,General,2022-06-15,L4,Inactive
2351,Catherine Hughes,Compliance,Team Lead,1025,Pune,Morning,2023-04-15,L4,Active
2352,Joan Ryan,Sales,Team Lead,1031,Remote,Morning,2021-10-26,L3,Inactive
2353,Dr. John Riley PhD,Finance,Senior Analyst,1070,Jaipur,Morning,2024-05-22,L3,Active
2354,Caleb Morrison,HR,Coordinator,1008,Hyderabad,General,2025-02-05,L2,Active
2355,Paul Madden,Compliance,Manager,1036,Hyderabad,Evening,2024-11-19,L1,Active
2356,Kevin Marshall,Compliance,Executive,1090,Bangalore,Evening,2025-07-10,L1,Active
2357,Fred Moore,Customer Support,Associate,1024,Jaipur,General,2025-02-19,L2,Active
2358,William Garrett,Finance,Analyst,1051,Jaipur,Morning,2025-11-24,L1,Active
2359,Courtney Hansen,Compliance,Analyst,1046,Pune,Evening,2025-12-13,L2,Active
2360,Jason Williams,HR,Senior Analyst,1052,Pune,Evening,2026-02-18,L3,Active
2361,Amanda Gonzalez,Operations,Associate,1078,Jaipur,Night,2025-12-13,L4,Active
2362,Dennis Hall,Technology,Manager,1072,Mumbai,Night,2025-10-31,L4,Active
2363,Aaron Graves,Sales,Senior Analyst,1001,Pune,Night,2022-05-31,L4,Active
2364,Brittany Herrera,Compliance,Team Lead,1080,Hyderabad,Morning,2024-06-19,L3,Active
2365,Christopher Johnson,Finance,Manager,1071,Hyderabad,Morning,2024-09-22,L3,Active
2366,Eric Downs,Finance,Coordinator,1098,Pune,Evening,2025-06-08,L2,Active
2367,Edward Bailey,Finance,Analyst,1082,Bangalore,Morning,2025-07-26,L3,Active
2368,Austin Rush,Sales,Manager,1089,Pune,Morning,2022-06-24,L3,Active
2369,Thomas Cooper,HR,Analyst,1016,Jaipur,Morning,2023-03-12,L4,Active
2370,Courtney Berry,Technology,Associate,1083,Hyderabad,Evening,2024-04-07,L3,Active
2371,Cassandra Sanchez,Compliance,Coordinator,1034,Remote,Evening,2022-02-27,L4,Active
2372,Kyle Holder,Sales,Team Lead,1060,Pune,Morning,2022-06-23,L3,Inactive
2373,James Sanchez,Technology,Coordinator,1009,Bangalore,Evening,2021-10-22,L2,Active
2374,Julian Salazar,Operations,Manager,1070,Pune,Evening,2023-10-14,L3,Active
2375,Rebecca Nunez,HR,Analyst,1023,Mumbai,Night,2025-09-30,L4,Active
2376,Stephen Baxter,Compliance,Associate,1035,Jaipur,General,2024-02-04,L3,Inactive
2377,Mr. Rodney Doyle,Technology,Analyst,1062,Mumbai,General,2022-02-22,L2,Inactive
2378,Rachel Thomas,Technology,Associate,1003,Bangalore,Morning,2022-01-22,L3,Active
2379,Bryan Cain,HR,Coordinator,1068,Hyderabad,General,2023-12-23,L1,Active
2380,David Sparks,Compliance,Manager,1005,Hyderabad,Night,2024-12-08,L1,Active
2381,Michael Howard,Sales,Analyst,1027,Hyderabad,Night,2025-01-28,L1,Inactive
2382,Brian Nguyen,Finance,Senior Analyst,1033,Jaipur,Evening,2025-02-14,L1,Active
2383,Andrew Thomas,Customer Support,Coordinator,1087,Pune,Night,2023-12-30,L1,Active
2384,Karen Anderson,Operations,Coordinator,1033,Remote,Night,2023-09-18,L3,Inactive
2385,Rebecca Castro,Customer Support,Analyst,1078,Remote,Night,2026-04-20,L4,Active
2386,Teresa Robinson,Compliance,Coordinator,1050,Hyderabad,General,2023-10-06,L2,Active
2387,Tammy Murphy,Finance,Coordinator,1056,Remote,Morning,2023-06-08,L3,Active
2388,Calvin Scott,Finance,Associate,1051,Bangalore,Morning,2022-04-19,L1,Active
2389,Perry Nunez,Compliance,Analyst,1097,Hyderabad,Evening,2022-02-05,L3,Inactive
2390,James King,Operations,Executive,1081,Bangalore,General,2026-02-20,L3,Active
2391,Emily Peters,HR,Executive,1084,Pune,Evening,2026-05-12,L2,Inactive
2392,Matthew Sims,Finance,Manager,1032,Jaipur,General,2024-03-05,L1,Active
2393,Patrick Gonzalez,Compliance,Coordinator,1051,Mumbai,Morning,2024-06-03,L3,Inactive
2394,Yvonne Rodriguez,Customer Support,Analyst,1068,Hyderabad,Night,2026-04-23,L4,Active
2395,Jason Nicholson,HR,Manager,1083,Pune,Evening,2024-08-06,L3,Active
2396,Paula Hudson,Sales,Coordinator,1022,Jaipur,Evening,2021-08-30,L4,Inactive
2397,Kathleen Ewing,Operations,Team Lead,1042,Jaipur,Morning,2024-12-09,L4,Inactive
2398,Adam Brown,Technology,Analyst,1054,Remote,Morning,2022-02-18,L3,Inactive
2399,Kimberly Bailey,Technology,Manager,1092,Jaipur,General,2023-08-07,L1,Inactive
2400,Jason Martinez,Sales,Executive,1031,Pune,Morning,2026-05-06,L1,Active
2401,Lauren Hensley,Finance,Senior Analyst,1058,Mumbai,Evening,2022-02-24,L2,Active
2402,Deborah Wolf,Technology,Manager,1062,Bangalore,Morning,2021-08-21,L4,Inactive
2403,Roy Ochoa,Compliance,Executive,1060,Bangalore,General,2025-02-09,L3,Active
2404,Michael Rose,Sales,Team Lead,1054,Hyderabad,Evening,2025-05-04,L1,Inactive
2405,Logan Harper,Sales,Executive,1020,Jaipur,General,2023-10-06,L4,Active
2406,Ryan Fischer,Finance,Team Lead,1083,Jaipur,Evening,2024-11-07,L3,Inactive
2407,April Schultz,Customer Support,Coordinator,1072,Bangalore,Night,2023-11-29,L2,Active
2408,William Williams,Customer Support,Coordinator,1075,Jaipur,Night,2024-10-19,L1,Active
2409,Sheila Stafford,Operations,Manager,1039,Mumbai,Morning,2026-03-04,L2,Active
2410,Mr. James Christensen MD,Customer Support,Senior Analyst,1062,Bangalore,Night,2022-02-20,L4,Active
2411,Kimberly Dean,Finance,Associate,1053,Jaipur,Night,2026-02-06,L2,Active
2412,Elizabeth Davis,Compliance,Executive,1003,Pune,General,2025-10-03,L2,Active
2413,Beth Evans,Finance,Team Lead,1089,Mumbai,Morning,2023-06-21,L2,Inactive
2414,Karen Richardson,Finance,Manager,1065,Jaipur,Night,2025-06-01,L1,Active
2415,Stephen Hall,Technology,Executive,1082,Pune,Evening,2022-02-01,L3,Inactive
2416,Leon Baxter,HR,Executive,1070,Bangalore,Evening,2025-01-18,L2,Active
2417,Jake Dunn,Technology,Coordinator,1069,Jaipur,General,2025-03-18,L4,Inactive
2418,Ashley Williams,Operations,Coordinator,1051,Bangalore,General,2024-07-30,L1,Active
2419,Michael Obrien,Sales,Analyst,1067,Hyderabad,Night,2025-04-24,L4,Active
2420,Stephen Clark,Sales,Manager,1082,Hyderabad,Night,2024-03-16,L4,Active
2421,Sandra Garcia,Finance,Analyst,1008,Jaipur,Night,2024-12-31,L2,Active
2422,Clinton Marshall,Compliance,Senior Analyst,1041,Jaipur,Morning,2023-09-07,L2,Active
2423,Tiffany Reese,Finance,Team Lead,1085,Mumbai,General,2022-03-10,L4,Active
2424,Daniel Jones,Customer Support,Analyst,1045,Hyderabad,Night,2023-09-22,L4,Inactive
2425,Melinda Clark,HR,Coordinator,1006,Bangalore,General,2023-11-26,L1,Active
2426,Kayla Young,Operations,Coordinator,1058,Hyderabad,Evening,2026-01-02,L1,Active
2427,Anna Martin,Technology,Manager,1083,Hyderabad,Morning,2024-06-16,L1,Active
2428,Jason Kelly,Technology,Senior Analyst,1079,Bangalore,Morning,2023-04-11,L1,Active
2429,Robert Jackson,HR,Executive,1055,Jaipur,Morning,2025-11-11,L3,Active
2430,Shelby Robinson,Compliance,Coordinator,1042,Mumbai,General,2023-07-16,L3,Active
2431,Riley Simmons Jr.,Technology,Executive,1099,Bangalore,Evening,2024-02-05,L2,Active
2432,Rebecca Hanson MD,Technology,Associate,1057,Jaipur,Evening,2022-10-26,L3,Active
2433,Kristopher Jones,Customer Support,Executive,1067,Hyderabad,General,2023-03-20,L3,Inactive
2434,Rebecca Johnson,Technology,Senior Analyst,1066,Jaipur,Evening,2025-12-16,L3,Active
2435,Linda Robinson,Customer Support,Analyst,1008,Jaipur,Night,2024-03-22,L2,Active
2436,Erica Jenkins,Customer Support,Coordinator,1049,Mumbai,General,2025-12-07,L2,Active
2437,Gabriella Reed,Operations,Manager,1013,Pune,Night,2021-11-14,L2,Active
2438,Sydney Vargas,Finance,Senior Analyst,1050,Remote,Morning,2022-03-20,L4,Active
2439,Toni Reynolds,Compliance,Senior Analyst,1006,Jaipur,Night,2021-07-02,L2,Active
2440,Jesus Walters,Finance,Team Lead,1077,Remote,General,2021-12-21,L1,Active
2441,Anna Cooper,Sales,Manager,1097,Hyderabad,General,2021-12-24,L1,Inactive
2442,Lisa Baldwin,HR,Team Lead,1050,Pune,General,2022-06-18,L4,Active
2443,Kenneth Rodriguez,HR,Team Lead,1068,Bangalore,Morning,2025-05-24,L4,Active
2444,Taylor Frederick,Finance,Executive,1013,Jaipur,General,2023-09-04,L3,Active
2445,Brian Joseph,Technology,Team Lead,1022,Mumbai,Evening,2021-06-28,L2,Active
2446,Kyle Gilbert,Compliance,Senior Analyst,1067,Jaipur,Evening,2022-09-05,L3,Inactive
2447,Michael Reid,Sales,Executive,1068,Hyderabad,Night,2022-12-13,L4,Active
2448,Samantha Whitehead,Customer Support,Team Lead,1029,Mumbai,General,2026-03-06,L3,Active
2449,Veronica Gomez,Customer Support,Executive,1044,Mumbai,General,2022-09-24,L4,Active
2450,Mark Hampton,Compliance,Team Lead,1059,Jaipur,Morning,2025-05-11,L2,Inactive
2451,Mary Herring,HR,Coordinator,1040,Mumbai,General,2025-02-12,L3,Active
2452,Adrienne Holt,HR,Team Lead,1025,Pune,Night,2026-03-23,L2,Active
2453,Justin May,Operations,Coordinator,1035,Mumbai,Night,2021-09-08,L3,Active
2454,Valerie Adams,Compliance,Senior Analyst,1094,Bangalore,Morning,2022-01-27,L4,Inactive
2455,Erica Dean,Customer Support,Executive,1093,Hyderabad,Morning,2026-05-22,L2,Active
2456,Lisa Scott,HR,Coordinator,1059,Mumbai,Morning,2022-08-22,L2,Active
2457,Amanda Becker,Technology,Associate,1010,Pune,Night,2024-12-10,L4,Active
2458,Richard Reed,HR,Manager,1028,Hyderabad,Morning,2022-09-28,L2,Active
2459,David Jones,Compliance,Analyst,1072,Pune,Evening,2023-02-27,L2,Active
2460,George Hall,Operations,Team Lead,1022,Remote,Evening,2022-07-29,L4,Active
2461,Alicia Williams,Technology,Senior Analyst,1042,Hyderabad,General,2026-05-14,L4,Active
2462,Amy Rodriguez,Finance,Coordinator,1029,Pune,General,2022-12-13,L3,Active
2463,Traci Davis,Sales,Manager,1076,Bangalore,Evening,2024-01-22,L3,Active
2464,Melissa Murphy,Sales,Team Lead,1010,Mumbai,Morning,2026-04-14,L1,Active
2465,Dennis Richmond,Customer Support,Senior Analyst,1060,Hyderabad,Night,2022-09-12,L2,Active
2466,Adam Bradley,Customer Support,Team Lead,1075,Pune,General,2022-05-06,L4,Active
2467,James Ware,HR,Senior Analyst,1009,Jaipur,General,2022-02-24,L3,Active
2468,Danielle Castillo,Customer Support,Team Lead,1041,Pune,Night,2023-05-13,L3,Active
2469,Christopher Oneal,Compliance,Executive,1022,Mumbai,Night,2026-05-24,L2,Active
2470,Jenny Ford,HR,Coordinator,1066,Remote,Evening,2023-11-12,L2,Inactive
2471,Lisa Powers,Sales,Manager,1002,Remote,General,2021-09-28,L1,Inactive
2472,Jasmine Hopkins,HR,Manager,1051,Bangalore,Evening,2022-08-26,L2,Active
2473,Lauren Baker,HR,Analyst,1064,Hyderabad,General,2023-11-07,L4,Inactive
2474,Mallory Pearson MD,Compliance,Associate,1070,Jaipur,Evening,2024-03-24,L3,Inactive
2475,Dillon Parsons,Finance,Associate,1075,Pune,Evening,2025-04-21,L2,Active
2476,Lisa Pruitt,Compliance,Associate,1027,Bangalore,Night,2022-09-15,L3,Inactive
2477,Andrew Gardner,Customer Support,Senior Analyst,1038,Remote,Morning,2025-05-28,L1,Inactive
2478,Tyrone Gutierrez,Compliance,Executive,1044,Jaipur,Morning,2023-05-02,L3,Active
2479,Jennifer Clayton,Technology,Manager,1047,Remote,General,2023-04-27,L2,Inactive
2480,Brian Jones,Finance,Associate,1019,Pune,General,2022-05-14,L4,Inactive
2481,Lisa Turner,Sales,Executive,1068,Mumbai,Night,2022-12-01,L2,Inactive
2482,Matthew Adams,Compliance,Analyst,1097,Jaipur,Morning,2021-05-29,L2,Active
2483,Elizabeth Harvey,Customer Support,Associate,1092,Pune,Evening,2026-03-28,L4,Active
2484,Christine Doyle,HR,Analyst,1036,Remote,Night,2022-03-20,L3,Active
2485,Chris Wallace,Technology,Team Lead,1059,Hyderabad,Morning,2025-12-25,L3,Active
2486,Jennifer Mccoy,Technology,Team Lead,1079,Remote,Evening,2023-04-03,L2,Inactive
2487,Yolanda Dodson,Finance,Coordinator,1085,Bangalore,Night,2024-04-17,L2,Active
2488,Megan Harris,Finance,Team Lead,1014,Hyderabad,Night,2024-04-26,L3,Active
2489,Ryan Meza,Operations,Senior Analyst,1096,Mumbai,General,2023-01-19,L3,Active
2490,Matthew Beck,Customer Support,Analyst,1083,Remote,Night,2022-12-22,L4,Inactive
2491,William Wheeler,Compliance,Senior Analyst,1080,Bangalore,Evening,2022-10-18,L1,Inactive
2492,Caroline Chapman,Technology,Coordinator,1025,Bangalore,General,2023-04-29,L3,Active
2493,Joshua Gray,Finance,Coordinator,1090,Bangalore,General,2025-05-04,L3,Active
2494,Michelle Oliver,Sales,Senior Analyst,1069,Pune,Night,2021-08-15,L3,Active
2495,Brian Ray,Compliance,Analyst,1013,Pune,Night,2025-09-14,L4,Active
2496,Andrea Herrera,Operations,Manager,1058,Hyderabad,Morning,2025-07-04,L3,Active
2497,Lindsey Jenkins,Finance,Manager,1001,Bangalore,Evening,2024-09-15,L2,Active
2498,Virginia Yoder,Finance,Manager,1020,Pune,Morning,2021-12-09,L1,Active
2499,Natasha Cruz,Customer Support,Executive,1091,Mumbai,Morning,2025-05-26,L2,Active
2500,Megan Huffman,Compliance,Executive,1045,Bangalore,Night,2024-03-23,L1,Active
2501,Jonathan Johnson,Technology,Manager,1062,Jaipur,General,2025-02-16,L4,Active
2502,Curtis Singleton,Customer Support,Team Lead,1087,Mumbai,General,2024-08-27,L2,Active
2503,Heather Gray,HR,Executive,1044,Hyderabad,Night,2025-06-26,L1,Active
2504,Kellie Morgan,Operations,Analyst,1014,Jaipur,Night,2024-03-29,L2,Active
2505,Victor Reid,Customer Support,Associate,1020,Jaipur,General,2023-02-23,L3,Inactive
2506,Grace Rodriguez,Customer Support,Associate,1006,Bangalore,General,2024-08-30,L1,Active
2507,Jason Edwards,Finance,Analyst,1026,Bangalore,Evening,2023-07-02,L1,Active
2508,Bethany Diaz,Customer Support,Team Lead,1074,Hyderabad,Night,2021-11-17,L3,Active
2509,Corey Fleming,Compliance,Team Lead,1098,Jaipur,Evening,2025-08-03,L2,Active
2510,Michael Griffin,Compliance,Coordinator,1052,Pune,General,2021-09-30,L4,Active
2511,Donald Fernandez,Finance,Coordinator,1093,Mumbai,Morning,2025-07-14,L4,Inactive
2512,Kevin Simmons,Operations,Manager,1030,Jaipur,Evening,2022-01-19,L1,Active
2513,Jennifer Mccarty,Operations,Manager,1090,Pune,Morning,2021-11-19,L4,Active
2514,Stacie Phillips,Technology,Executive,1078,Mumbai,Night,2022-11-29,L4,Inactive
2515,Brett Bryant,Finance,Executive,1095,Hyderabad,Night,2024-06-27,L4,Active
2516,Shawn Kelly,Finance,Executive,1027,Hyderabad,Evening,2024-10-06,L3,Active
2517,Michael Andrews,HR,Coordinator,1073,Hyderabad,Morning,2024-10-28,L3,Active
2518,Russell Smith,Technology,Senior Analyst,1039,Mumbai,Night,2024-11-02,L2,Active
2519,Amy Pham,HR,Coordinator,1082,Bangalore,Morning,2023-05-29,L3,Active
2520,Kyle Lewis,HR,Senior Analyst,1006,Pune,Morning,2024-08-19,L2,Active
2521,Dustin Bowen,Finance,Analyst,1076,Hyderabad,General,2023-02-02,L4,Active
2522,Jennifer Campbell,Operations,Associate,1050,Mumbai,General,2021-07-29,L3,Active
2523,Jeffery Franco,Compliance,Team Lead,1040,Mumbai,Morning,2023-04-23,L3,Active
2524,Adam Clarke,Technology,Associate,1085,Hyderabad,Morning,2023-07-15,L1,Inactive
2525,Brian Wagner,Operations,Analyst,1062,Pune,Morning,2026-05-24,L4,Inactive
2526,Terry Hopkins,HR,Coordinator,1069,Mumbai,Morning,2022-08-24,L3,Active
2527,Samantha Oconnell,Technology,Associate,1092,Remote,Night,2026-05-21,L2,Active
2528,James Lawson,Technology,Associate,1096,Hyderabad,Evening,2024-10-19,L3,Active
2529,Jennifer Higgins,Customer Support,Associate,1019,Hyderabad,Morning,2022-04-19,L4,Active
2530,Rhonda Henry,HR,Coordinator,1073,Mumbai,Night,2024-01-14,L1,Active
2531,Lauren Wilson,HR,Analyst,1070,Bangalore,General,2026-02-13,L1,Inactive
2532,Alexander Rasmussen,Sales,Analyst,1057,Pune,General,2024-01-23,L4,Inactive
2533,Lisa Higgins,Finance,Executive,1074,Mumbai,Evening,2024-12-16,L3,Active
2534,Allison Khan,Customer Support,Senior Analyst,1079,Remote,Night,2021-11-21,L1,Active
2535,Dawn Arias,Compliance,Team Lead,1054,Bangalore,General,2023-03-26,L2,Inactive
2536,Erik Ramirez,Compliance,Analyst,1051,Hyderabad,Evening,2024-07-04,L2,Active
2537,Marcus Orr,Finance,Senior Analyst,1020,Mumbai,Night,2022-05-27,L2,Inactive
2538,Gail Morales,HR,Team Lead,1070,Remote,Evening,2023-07-20,L1,Active
2539,Taylor Hooper DVM,Customer Support,Team Lead,1006,Hyderabad,Evening,2025-12-24,L2,Active
2540,Linda Frost,HR,Senior Analyst,1076,Jaipur,Morning,2021-06-02,L3,Active
2541,Jason Davis,HR,Senior Analyst,1053,Bangalore,Evening,2022-10-26,L2,Inactive
2542,Daniel Palmer,Sales,Coordinator,1062,Pune,Evening,2022-11-28,L1,Inactive
2543,Paula Austin,Customer Support,Analyst,1008,Bangalore,Evening,2024-11-20,L2,Inactive
2544,Christopher Jacobs,Sales,Manager,1065,Bangalore,Morning,2025-04-17,L3,Active
2545,Thomas Wilson,Technology,Executive,1065,Bangalore,Evening,2022-12-22,L1,Active
2546,Michele Smith,Operations,Executive,1002,Hyderabad,Evening,2022-05-18,L2,Active
2547,Nicole Thomas,Sales,Senior Analyst,1033,Remote,Night,2024-10-21,L3,Active
2548,Vincent Moore,HR,Manager,1088,Hyderabad,Evening,2024-01-29,L3,Inactive
2549,Kelly Mitchell,Compliance,Analyst,1096,Jaipur,Evening,2023-07-02,L2,Active
2550,Kelli Le,HR,Coordinator,1041,Remote,General,2024-04-30,L1,Active
2551,Mary Moore,Customer Support,Associate,1080,Bangalore,Night,2022-09-02,L3,Active
2552,Jessica Hale,Sales,Coordinator,1099,Bangalore,Night,2024-08-31,L4,Active
2553,Carrie Randolph,Sales,Executive,1076,Jaipur,General,2024-02-17,L3,Active
2554,Maria Hansen,Compliance,Analyst,1027,Remote,Morning,2022-12-16,L1,Inactive
2555,Joshua Maldonado,Customer Support,Executive,1049,Mumbai,Evening,2022-06-18,L2,Active
2556,Diana Walker,Operations,Analyst,1093,Hyderabad,Morning,2022-11-29,L2,Inactive
2557,Adrian Gonzalez,Technology,Manager,1081,Mumbai,General,2024-05-16,L3,Active
2558,Keith Brown,Sales,Team Lead,1087,Bangalore,Night,2024-07-23,L2,Active
2559,Craig Taylor,Operations,Team Lead,1032,Jaipur,Evening,2024-12-22,L4,Active
2560,George Allen,Finance,Coordinator,1041,Remote,Night,2022-05-14,L4,Inactive
2561,Derek Rich,Sales,Team Lead,1002,Bangalore,General,2023-03-26,L1,Inactive
2562,Sarah Boyer,Finance,Associate,1082,Pune,Evening,2021-09-08,L2,Inactive
2563,Heidi Ward,Sales,Team Lead,1087,Hyderabad,Evening,2024-10-23,L4,Active
2564,Nathan Ferrell,Sales,Associate,1025,Hyderabad,General,2023-08-04,L2,Active
2565,Chelsea Jones,Operations,Manager,1028,Jaipur,Night,2024-01-25,L4,Inactive
2566,Daniel Jones,Sales,Executive,1013,Remote,Night,2025-01-25,L3,Inactive
2567,Nathaniel Barnes,Finance,Manager,1017,Jaipur,Morning,2026-01-05,L2,Active
2568,Julie Rogers,Sales,Executive,1028,Mumbai,Night,2025-06-09,L2,Active
2569,Timothy Chavez,Finance,Senior Analyst,1085,Remote,Evening,2026-03-01,L4,Active
2570,Trevor Turner,Technology,Team Lead,1098,Pune,General,2022-07-16,L1,Active
2571,Tracy Lutz,HR,Senior Analyst,1073,Remote,Evening,2024-02-13,L4,Active
2572,William Miles,Finance,Team Lead,1002,Pune,General,2023-05-09,L3,Active
2573,Joshua Clay,Compliance,Senior Analyst,1011,Jaipur,General,2022-07-30,L2,Active
2574,Pamela Mann,Customer Support,Team Lead,1084,Jaipur,General,2026-05-09,L3,Inactive
2575,Michael Crane,Finance,Senior Analyst,1066,Jaipur,Morning,2022-11-04,L1,Active
2576,Heidi Estrada,Finance,Analyst,1053,Mumbai,General,2025-01-23,L3,Active
2577,Mike Moore,Sales,Team Lead,1030,Remote,General,2024-02-20,L3,Active
2578,Makayla Fitzgerald,Finance,Team Lead,1092,Jaipur,Evening,2024-02-15,L2,Active
2579,Caitlin Barber,HR,Senior Analyst,1018,Hyderabad,Evening,2021-12-17,L4,Active
2580,Samuel Cole,HR,Associate,1041,Pune,Evening,2026-02-24,L2,Inactive
2581,Adam Oneill,HR,Team Lead,1070,Bangalore,General,2025-06-20,L2,Active
2582,Jennifer Smith,Operations,Manager,1046,Remote,Night,2026-01-16,L3,Active
2583,Sierra Bell,Finance,Analyst,1017,Hyderabad,Evening,2024-09-25,L1,Active
2584,Dana Vincent,Operations,Team Lead,1029,Remote,Evening,2025-04-27,L4,Active
2585,Samantha Morales,Customer Support,Team Lead,1055,Bangalore,Evening,2025-01-09,L2,Active
2586,Ms. Jennifer Anderson MD,Finance,Manager,1025,Hyderabad,Night,2023-03-18,L3,Active
2587,Melissa Joseph,Compliance,Analyst,1092,Pune,General,2026-01-15,L4,Active
2588,Jason Hayes,Finance,Coordinator,1035,Remote,Morning,2026-02-28,L4,Active
2589,Matthew Dalton,Finance,Senior Analyst,1047,Remote,General,2022-02-01,L4,Active
2590,Jennifer Hale,HR,Analyst,1088,Hyderabad,Night,2023-10-09,L3,Active
2591,Katherine Wright,Technology,Coordinator,1065,Remote,General,2023-10-08,L4,Active
2592,Erin Morris,Operations,Associate,1029,Jaipur,Morning,2026-01-08,L4,Active
2593,Rachel Haynes,Sales,Analyst,1011,Bangalore,Evening,2024-07-06,L1,Inactive
2594,Mckenzie Bright,Customer Support,Associate,1001,Pune,General,2022-05-11,L1,Active
2595,Monica Gordon,Technology,Coordinator,1045,Bangalore,Evening,2022-11-18,L1,Active
2596,Julie Campbell,Compliance,Senior Analyst,1078,Remote,Evening,2023-07-30,L3,Active
2597,Mary Hernandez,Sales,Manager,1062,Remote,Night,2024-09-27,L1,Active
2598,Courtney Nelson,Finance,Manager,1027,Remote,General,2022-12-23,L3,Active
2599,Rebekah Ramirez,Finance,Analyst,1019,Bangalore,Evening,2023-10-30,L1,Active
2600,Marcus Campbell MD,Operations,Analyst,1012,Pune,Night,2021-06-25,L1,Active
2601,Amanda Dalton,Finance,Executive,1019,Jaipur,Night,2022-12-22,L2,Active
2602,Paige Little MD,Finance,Team Lead,1018,Hyderabad,Evening,2023-04-30,L1,Active
2603,Johnny Pena,Sales,Coordinator,1074,Hyderabad,Night,2024-12-07,L4,Inactive
2604,Elizabeth Wolfe,Technology,Analyst,1044,Remote,General,2025-06-07,L1,Inactive
2605,Benjamin Montgomery,Sales,Senior Analyst,1037,Pune,General,2023-11-13,L4,Active
2606,Holly Cox,Compliance,Analyst,1042,Bangalore,Night,2023-12-11,L4,Inactive
2607,Amanda Brown,Finance,Senior Analyst,1100,Hyderabad,Evening,2026-04-16,L4,Active
2608,Angela Fuentes,Operations,Senior Analyst,1033,Jaipur,Morning,2024-03-11,L2,Active
2609,Joann Morgan,Customer Support,Executive,1038,Pune,General,2025-07-12,L4,Active
2610,Kimberly Bailey,Sales,Associate,1090,Mumbai,Evening,2023-04-19,L4,Inactive
2611,Brandi Jones,Operations,Coordinator,1023,Pune,Morning,2022-07-06,L1,Inactive
2612,Marissa Bradford,Technology,Coordinator,1027,Bangalore,Night,2021-09-02,L1,Active
2613,Sherry Taylor,Compliance,Executive,1074,Jaipur,Evening,2021-08-31,L4,Active
2614,Lance Norman,Compliance,Manager,1012,Hyderabad,Evening,2023-09-01,L3,Active
2615,Tina Frost,HR,Team Lead,1032,Mumbai,Evening,2021-08-23,L1,Active
2616,Alison Armstrong,Operations,Coordinator,1065,Remote,General,2022-02-01,L3,Active
2617,Dr. Nancy Johnson,Technology,Team Lead,1014,Pune,Evening,2022-07-20,L2,Inactive
2618,Brittany Henderson,Compliance,Associate,1079,Bangalore,General,2025-03-16,L1,Active
2619,Carol Scott,HR,Senior Analyst,1035,Remote,General,2025-04-11,L1,Active
2620,Tammy Foster,Sales,Coordinator,1051,Bangalore,General,2025-02-07,L1,Active
2621,Amber Peterson,Finance,Team Lead,1037,Pune,Morning,2022-04-28,L2,Active
2622,David Young,Technology,Senior Analyst,1095,Hyderabad,Evening,2023-07-01,L4,Inactive
2623,Dana Baird,Sales,Senior Analyst,1005,Bangalore,Evening,2025-07-26,L3,Active
2624,Holly Rowland,Finance,Executive,1006,Hyderabad,Night,2025-03-28,L3,Active
2625,David Ramos,Sales,Analyst,1078,Jaipur,Morning,2024-04-29,L3,Active
2626,Emily Richardson,Sales,Associate,1096,Remote,Night,2022-03-18,L4,Active
2627,Jennifer Irwin,Finance,Analyst,1010,Hyderabad,Night,2022-03-15,L1,Active
2628,Shelia Mcdaniel,Sales,Executive,1059,Mumbai,Morning,2021-12-01,L1,Active
2629,Jasmine Patrick,Compliance,Coordinator,1071,Bangalore,Morning,2025-12-28,L3,Inactive
2630,Rebecca Johnson,Finance,Team Lead,1094,Remote,Morning,2024-06-13,L2,Active
2631,Katie Lee,Technology,Executive,1047,Pune,Morning,2024-03-26,L2,Inactive
2632,Ashley Wise,Technology,Executive,1089,Pune,General,2025-12-29,L4,Inactive
2633,Kayla Moreno,Compliance,Executive,1039,Jaipur,Evening,2024-02-17,L4,Active
2634,Anthony Dickerson,Operations,Senior Analyst,1008,Pune,Morning,2023-12-13,L1,Active
2635,Eric Howard,Customer Support,Analyst,1010,Bangalore,General,2022-07-16,L1,Inactive
2636,Nicole Craig,HR,Senior Analyst,1028,Remote,Night,2021-12-25,L4,Active
2637,Gary Jones,HR,Coordinator,1079,Mumbai,Evening,2023-02-24,L1,Active
2638,Tammy Hill,Sales,Associate,1009,Bangalore,General,2026-01-12,L3,Inactive
2639,Tammy Miranda,Compliance,Senior Analyst,1038,Jaipur,Morning,2022-01-31,L2,Active
2640,Joel Webb,Customer Support,Associate,1073,Mumbai,General,2024-04-25,L3,Active
2641,Kyle Brown,Technology,Associate,1090,Mumbai,General,2024-06-08,L1,Active
2642,Scott Moore,Finance,Executive,1004,Hyderabad,Morning,2023-06-14,L3,Active
2643,Amber Leon,Technology,Manager,1055,Mumbai,General,2023-10-01,L2,Active
2644,Richard Graves,Sales,Executive,1024,Hyderabad,Evening,2025-07-31,L3,Active
2645,Ms. Jamie Singh MD,Operations,Coordinator,1001,Remote,Morning,2023-08-15,L4,Active
2646,Riley Walker,Customer Support,Coordinator,1074,Pune,General,2021-07-21,L4,Active
2647,Crystal Scott,Finance,Team Lead,1097,Bangalore,General,2024-04-27,L1,Active
2648,Lisa Faulkner,Customer Support,Team Lead,1072,Mumbai,Evening,2023-05-17,L3,Inactive
2649,Lawrence Thompson,HR,Coordinator,1090,Mumbai,Night,2024-10-21,L1,Active
2650,Jeremy Hernandez,Operations,Analyst,1041,Bangalore,Night,2024-02-17,L3,Active
2651,Andrew Hall,Technology,Team Lead,1062,Remote,Morning,2024-08-13,L3,Inactive
2652,Dr. Marcus Murphy,Customer Support,Analyst,1096,Hyderabad,Morning,2025-12-03,L1,Active
2653,Michael Hunter,Finance,Coordinator,1055,Mumbai,General,2023-03-31,L2,Active
2654,Donald Roach,Technology,Associate,1031,Bangalore,General,2025-09-10,L3,Inactive
2655,Daniel Roberts,Technology,Senior Analyst,1054,Hyderabad,Evening,2024-08-04,L3,Active
2656,Terri Kim,Operations,Executive,1044,Jaipur,Night,2026-02-04,L1,Active
2657,Christopher Burnett,HR,Associate,1027,Bangalore,General,2023-08-24,L3,Active
2658,Ernest Griffith,Operations,Executive,1008,Bangalore,Morning,2023-08-12,L1,Active
2659,Christopher Edwards,Customer Support,Team Lead,1080,Pune,Morning,2025-07-27,L2,Inactive
2660,Steven Stevens DDS,Technology,Team Lead,1021,Remote,Morning,2025-10-30,L2,Active
2661,Tiffany Gardner,Sales,Associate,1091,Remote,Night,2022-03-24,L2,Inactive
2662,Robert Taylor,Technology,Associate,1082,Hyderabad,Evening,2024-09-25,L3,Active
2663,Christopher Randall,Technology,Senior Analyst,1041,Bangalore,General,2023-10-27,L1,Inactive
2664,Rachael Cross,HR,Associate,1031,Pune,Morning,2024-03-14,L2,Active
2665,Ana Arnold,Sales,Associate,1052,Mumbai,General,2023-06-08,L2,Active
2666,Emily Lynch,Customer Support,Team Lead,1045,Pune,General,2021-11-20,L2,Active
2667,Crystal Williams,Compliance,Manager,1024,Remote,General,2023-09-02,L1,Inactive
2668,Jonathon Jordan,Customer Support,Associate,1044,Bangalore,General,2025-02-16,L4,Active
2669,Amber Cruz,Technology,Executive,1006,Jaipur,Night,2024-08-12,L1,Inactive
2670,Daniel Morrison,Operations,Coordinator,1029,Jaipur,Evening,2025-01-30,L4,Active
2671,Cory Lopez,Finance,Senior Analyst,1089,Remote,Morning,2024-09-16,L4,Active
2672,Isaiah Craig,Customer Support,Team Lead,1094,Bangalore,Morning,2022-08-11,L3,Inactive
2673,Erin Shaw,Sales,Associate,1023,Bangalore,Morning,2022-11-18,L3,Active
2674,Michael Avery,Finance,Manager,1065,Remote,Evening,2022-07-28,L1,Active
2675,Karina Stewart,Sales,Associate,1047,Bangalore,Morning,2024-10-06,L3,Active
2676,Willie Moreno,HR,Coordinator,1025,Hyderabad,Evening,2025-03-05,L2,Active
2677,Veronica Cooke,Compliance,Manager,1028,Hyderabad,Night,2023-08-29,L4,Inactive
2678,Austin Green,Customer Support,Manager,1095,Jaipur,Morning,2022-12-27,L3,Active
2679,Melissa Fuller,Operations,Manager,1077,Remote,General,2023-09-06,L1,Inactive
2680,Gregory Kirk,Sales,Coordinator,1067,Pune,General,2024-11-28,L1,Inactive
2681,Lisa Wade,HR,Senior Analyst,1054,Jaipur,Morning,2023-11-15,L3,Inactive
2682,Chad Pruitt,Sales,Manager,1063,Remote,Night,2025-04-01,L1,Active
2683,Stacey Davis,Operations,Coordinator,1093,Bangalore,Morning,2023-04-29,L2,Active
2684,Sabrina Miller,Operations,Manager,1084,Pune,General,2025-08-31,L2,Active
2685,Aaron Osborn,Operations,Coordinator,1033,Remote,Evening,2024-09-25,L2,Inactive
2686,Patricia Martinez,HR,Associate,1097,Jaipur,Night,2022-10-27,L1,Active
2687,Jessica Armstrong,Operations,Manager,1013,Hyderabad,Night,2022-10-01,L1,Inactive
2688,Karen Downs,Compliance,Associate,1075,Mumbai,General,2023-08-30,L3,Inactive
2689,Jill Roberts,HR,Coordinator,1073,Jaipur,Evening,2024-09-28,L3,Active
2690,Ashley Blake,Sales,Manager,1021,Mumbai,Morning,2022-03-27,L3,Active
2691,Patrick Fowler,HR,Coordinator,1031,Mumbai,General,2026-04-03,L2,Active
2692,Stephanie Cannon,Compliance,Executive,1084,Pune,Evening,2022-02-15,L3,Active
2693,Laurie Wheeler,HR,Team Lead,1049,Mumbai,Night,2024-06-29,L3,Inactive
2694,Rachel Sampson,Compliance,Team Lead,1093,Mumbai,Night,2024-09-19,L3,Active
2695,Melissa Hernandez,HR,Team Lead,1061,Bangalore,Morning,2024-01-27,L1,Active
2696,John Lopez,Sales,Executive,1098,Hyderabad,Morning,2023-11-09,L4,Active
2697,Jesus Mason,Sales,Associate,1015,Pune,Morning,2025-05-16,L2,Active
2698,John Freeman,Sales,Executive,1034,Remote,Morning,2024-06-22,L2,Active
2699,Nicholas Davis,Finance,Associate,1088,Remote,Night,2026-01-01,L1,Active
2700,Heather Gomez,Finance,Manager,1023,Hyderabad,Morning,2025-09-07,L4,Active
2701,Alicia Callahan,Customer Support,Manager,1082,Hyderabad,Evening,2026-05-02,L4,Active
2702,Zachary Morales,Sales,Senior Analyst,1040,Remote,General,2021-10-20,L1,Active
2703,Ashley Black,HR,Team Lead,1060,Remote,General,2025-06-29,L3,Active
2704,Michael Davis,HR,Associate,1048,Remote,General,2023-01-18,L1,Active
2705,Samantha Stuart,Customer Support,Senior Analyst,1054,Pune,Evening,2022-06-05,L4,Active
2706,Janice Ellis,Technology,Analyst,1058,Bangalore,Morning,2024-06-10,L4,Active
2707,Victor Frey,Compliance,Coordinator,1073,Jaipur,General,2021-09-07,L3,Active
2708,Michael Walker,Technology,Analyst,1094,Jaipur,Morning,2025-12-12,L2,Active
2709,Ruth Cooper,Operations,Associate,1030,Jaipur,General,2022-05-24,L1,Active
2710,Dr. Jacqueline Mays MD,Customer Support,Analyst,1062,Jaipur,Evening,2025-10-05,L1,Inactive
2711,Jose King,HR,Coordinator,1052,Pune,Evening,2024-10-22,L1,Active
2712,David Banks,Customer Support,Senior Analyst,1044,Bangalore,Evening,2021-10-08,L1,Active
2713,Elizabeth Kelly,Sales,Coordinator,1067,Remote,Morning,2023-09-30,L2,Inactive
2714,Kelly Kirby,Finance,Team Lead,1055,Mumbai,Morning,2025-11-16,L1,Active
2715,Justin Abbott,Sales,Senior Analyst,1035,Hyderabad,General,2022-09-06,L4,Active
2716,Daniel Shaw,HR,Executive,1016,Mumbai,Morning,2023-05-10,L3,Active
2717,Kelli Gomez,Customer Support,Coordinator,1023,Bangalore,Night,2025-04-16,L1,Inactive
2718,Mr. Ian Houston PhD,Technology,Associate,1019,Jaipur,General,2026-04-01,L3,Active
2719,Jack Smith,Operations,Team Lead,1047,Bangalore,General,2023-03-19,L3,Inactive
2720,Taylor Graham,Finance,Senior Analyst,1037,Hyderabad,Morning,2024-12-08,L4,Active
2721,Timothy Parker,Technology,Analyst,1064,Mumbai,Night,2026-04-16,L1,Inactive
2722,Robert Briggs,Operations,Manager,1088,Hyderabad,General,2025-04-21,L3,Active
2723,Julia Mcmahon,Finance,Coordinator,1071,Mumbai,Night,2025-03-17,L1,Active
2724,Connie Edwards,Finance,Team Lead,1003,Hyderabad,General,2024-06-02,L3,Active
2725,Jacqueline Robles,Sales,Senior Analyst,1021,Jaipur,Morning,2022-08-01,L4,Active
2726,Mario Sexton,Compliance,Executive,1051,Pune,Morning,2023-04-01,L2,Active
2727,Edward Walker,Finance,Senior Analyst,1018,Remote,Night,2021-07-19,L1,Active
2728,Julie Allen,HR,Analyst,1069,Pune,General,2025-09-30,L3,Inactive
2729,Stephen Figueroa,Technology,Manager,1004,Mumbai,General,2024-12-30,L1,Active
2730,Katherine Kelley,Finance,Executive,1026,Bangalore,Morning,2022-05-10,L4,Active
2731,Jonathan Clark,Operations,Analyst,1084,Pune,Night,2023-04-09,L4,Inactive
2732,Crystal Lynch,HR,Coordinator,1039,Remote,Morning,2023-12-21,L3,Inactive
2733,Kaitlyn Mcclain,Operations,Coordinator,1087,Bangalore,Morning,2025-07-25,L1,Active
2734,Christopher Hines,Technology,Team Lead,1029,Mumbai,Evening,2023-01-01,L1,Inactive
2735,Grace Moody,Operations,Associate,1070,Pune,Evening,2023-01-01,L3,Inactive
2736,Joseph Dawson,Technology,Analyst,1002,Mumbai,Night,2021-11-06,L4,Inactive
2737,Dennis Barnett,HR,Team Lead,1089,Hyderabad,Evening,2024-10-19,L3,Active
2738,Anthony Rasmussen,HR,Manager,1062,Jaipur,Night,2026-01-27,L3,Active
2739,Kyle Taylor,HR,Executive,1047,Bangalore,Morning,2023-12-31,L4,Inactive
2740,Michael Richards,Customer Support,Team Lead,1045,Remote,Morning,2023-09-06,L2,Active
2741,Elizabeth Chavez,Operations,Manager,1011,Hyderabad,Evening,2022-05-18,L2,Active
2742,Kyle Hunt,Operations,Executive,1082,Remote,Night,2023-05-01,L4,Inactive
2743,Nathaniel Oliver,Sales,Associate,1051,Jaipur,Night,2021-10-28,L2,Active
2744,Mark Simmons,Compliance,Analyst,1012,Bangalore,General,2023-03-25,L2,Inactive
2745,Ian Adkins,Finance,Senior Analyst,1078,Pune,General,2026-02-28,L2,Active
2746,Andre Sims,Finance,Associate,1062,Pune,Morning,2026-01-11,L4,Inactive
2747,Leslie Mendoza,Compliance,Coordinator,1038,Remote,Night,2026-03-18,L3,Active
2748,Charles Adams,Compliance,Senior Analyst,1045,Mumbai,Evening,2025-12-17,L4,Active
2749,Jordan Gray,Sales,Associate,1022,Hyderabad,Night,2021-12-19,L2,Active
2750,Matthew Lowery,Sales,Associate,1046,Hyderabad,Night,2023-11-16,L2,Active
2751,Charles Barnett,Customer Support,Manager,1058,Bangalore,General,2021-06-05,L4,Active
2752,Lindsay Davidson,Customer Support,Senior Analyst,1049,Mumbai,Evening,2023-01-01,L3,Active
2753,Breanna Campbell,Customer Support,Analyst,1059,Mumbai,General,2023-06-27,L2,Active
2754,Kelly Fuller,Operations,Team Lead,1073,Remote,Morning,2022-10-13,L4,Inactive
2755,Daniel Rios,Sales,Executive,1082,Mumbai,General,2025-02-01,L2,Active
2756,Taylor Smith,Operations,Manager,1009,Mumbai,Evening,2023-03-15,L3,Active
2757,Rachel Sloan,Operations,Coordinator,1056,Mumbai,Night,2023-07-14,L3,Active
2758,Mrs. Christine Lara,Compliance,Senior Analyst,1016,Pune,Night,2024-05-23,L3,Active
2759,Tamara Ball,HR,Executive,1086,Bangalore,General,2024-12-16,L2,Active
2760,Bradley Yoder,Sales,Coordinator,1060,Jaipur,Morning,2023-02-25,L4,Active
2761,Katherine Levy,Customer Support,Coordinator,1095,Bangalore,Morning,2022-02-05,L1,Active
2762,Shane Baker,Technology,Associate,1091,Remote,General,2025-12-30,L1,Active
2763,Cory Russell,Compliance,Coordinator,1006,Pune,Evening,2025-03-01,L1,Inactive
2764,Kathy Miller,HR,Senior Analyst,1083,Pune,General,2025-02-11,L4,Active
2765,Joshua Williams,Operations,Manager,1090,Remote,General,2023-04-30,L1,Active
2766,Henry Wiggins,HR,Team Lead,1008,Hyderabad,Morning,2022-01-04,L2,Active
2767,Mary Hardin,HR,Manager,1091,Pune,Night,2026-02-17,L3,Inactive
2768,Duane Cooke,Sales,Associate,1053,Bangalore,Evening,2021-11-07,L4,Inactive
2769,Anna Elliott,Sales,Team Lead,1059,Bangalore,Morning,2022-06-15,L2,Active
2770,Michael Perez,Sales,Team Lead,1055,Pune,General,2025-05-17,L3,Active
2771,Mr. Anthony Martin,Finance,Associate,1049,Jaipur,Morning,2025-07-18,L1,Active
2772,Kathryn Lee,HR,Analyst,1017,Pune,Night,2024-05-21,L2,Active
2773,Nathaniel Barber,Customer Support,Associate,1093,Hyderabad,General,2023-04-02,L4,Active
2774,Christine Case,Finance,Coordinator,1046,Mumbai,Evening,2021-07-20,L4,Inactive
2775,Ashley Smith,HR,Senior Analyst,1100,Bangalore,Night,2026-01-16,L4,Active
2776,Jacob Thomas,Customer Support,Associate,1061,Pune,Morning,2023-09-21,L2,Active
2777,Carolyn Reyes,Compliance,Executive,1086,Bangalore,Morning,2025-05-25,L1,Active
2778,Tiffany Castaneda,Sales,Coordinator,1013,Pune,Morning,2023-02-11,L3,Active
2779,Tiffany Davies,Customer Support,Team Lead,1057,Hyderabad,General,2024-08-23,L4,Inactive
2780,Lee Nguyen,Customer Support,Analyst,1081,Jaipur,Evening,2022-09-23,L2,Active
2781,Kristina Bowman,Compliance,Associate,1062,Pune,Night,2021-07-18,L3,Active
2782,Samantha Harvey,HR,Associate,1066,Bangalore,Night,2025-05-29,L1,Inactive
2783,Paul Gill,HR,Manager,1008,Hyderabad,Night,2022-07-04,L1,Active
2784,Regina Pope,Operations,Team Lead,1082,Hyderabad,Night,2025-03-11,L1,Inactive
2785,Zachary Howell,Compliance,Senior Analyst,1070,Mumbai,Morning,2021-06-02,L2,Inactive
2786,Caleb Mcknight,HR,Analyst,1037,Hyderabad,Evening,2025-05-04,L4,Inactive
2787,Jonathon Hernandez,Technology,Executive,1072,Bangalore,Morning,2025-09-27,L3,Active
2788,Louis Hull,Finance,Senior Analyst,1070,Bangalore,Night,2022-10-09,L2,Inactive
2789,Andrew Christensen,Operations,Manager,1030,Mumbai,Evening,2023-12-07,L2,Inactive
2790,Megan Carlson,Technology,Executive,1023,Jaipur,Evening,2025-04-11,L2,Active
2791,Jennifer Russell,Compliance,Manager,1096,Pune,Night,2021-07-18,L3,Inactive
2792,Casey Williams,Operations,Analyst,1059,Bangalore,General,2025-05-10,L3,Active
2793,Gregory Fernandez,Sales,Team Lead,1077,Hyderabad,General,2022-03-18,L3,Active
2794,Jose Howard,Sales,Associate,1006,Pune,Evening,2023-04-23,L2,Inactive
2795,Shaun Jones,HR,Coordinator,1098,Pune,Morning,2022-03-12,L2,Active
2796,Daniel Mejia,Operations,Senior Analyst,1027,Hyderabad,General,2023-07-30,L1,Active
2797,Robert Garcia,Customer Support,Coordinator,1012,Jaipur,Night,2023-02-08,L2,Inactive
2798,Brett Rogers,Compliance,Senior Analyst,1014,Bangalore,Night,2025-11-24,L1,Inactive
2799,Anna Hill,HR,Executive,1018,Remote,Evening,2022-03-22,L4,Active
2800,Joshua Short,Compliance,Manager,1043,Jaipur,Night,2023-04-27,L1,Active
2801,Penny Cooper,Compliance,Executive,1033,Pune,Evening,2023-03-16,L1,Inactive
2802,Mary Willis,Customer Support,Associate,1011,Hyderabad,Evening,2021-07-24,L4,Active
2803,Melissa Parks,Operations,Analyst,1044,Remote,Night,2025-09-22,L4,Active
2804,Timothy Parker,Customer Support,Analyst,1024,Bangalore,Evening,2024-09-13,L2,Active
2805,Amanda Mckenzie,Finance,Team Lead,1044,Pune,General,2023-11-06,L3,Active
2806,Kristopher Duran,HR,Senior Analyst,1015,Mumbai,Morning,2023-04-11,L2,Active
2807,Rhonda Smith,HR,Associate,1023,Mumbai,Evening,2024-07-23,L3,Active
2808,Andrew Williams,Finance,Associate,1029,Mumbai,Morning,2024-02-16,L1,Active
2809,Danielle Kline,Sales,Coordinator,1041,Jaipur,Morning,2022-09-28,L4,Active
2810,Stanley Allen,Compliance,Analyst,1072,Remote,Night,2022-02-19,L4,Active
2811,Jonathon Lopez,Operations,Team Lead,1023,Pune,Morning,2022-05-21,L2,Active
2812,Megan Bowers,Technology,Executive,1041,Mumbai,Night,2024-12-04,L1,Active
2813,Emily Miller,HR,Coordinator,1093,Pune,General,2026-01-09,L1,Inactive
2814,Jessica Jarvis,Finance,Analyst,1071,Bangalore,Night,2021-10-12,L2,Active
2815,Lucas Williams,Technology,Executive,1033,Hyderabad,Night,2021-11-10,L2,Active
2816,Brian Griffin,HR,Manager,1015,Pune,Night,2025-04-22,L2,Active
2817,Tamara Martin,HR,Analyst,1082,Pune,General,2022-02-17,L4,Inactive
2818,Kathleen Webb,HR,Manager,1030,Hyderabad,Morning,2026-01-24,L4,Active
2819,Kelsey Green,Finance,Team Lead,1071,Bangalore,Evening,2024-08-16,L3,Active
2820,Joshua Gonzalez,Finance,Coordinator,1088,Bangalore,Evening,2022-05-21,L4,Active
2821,Tony Lambert,Operations,Coordinator,1064,Hyderabad,Morning,2026-02-09,L1,Active
2822,Ryan Rivera,HR,Senior Analyst,1051,Pune,Evening,2024-06-11,L2,Active
2823,Jonathan Massey,Compliance,Team Lead,1063,Remote,Evening,2026-03-26,L4,Active
2824,Rebecca Morrison,Customer Support,Senior Analyst,1031,Pune,Morning,2025-01-27,L1,Active
2825,Andrew Holmes,HR,Analyst,1035,Remote,Evening,2024-01-01,L3,Inactive
2826,Christopher Miles,Finance,Associate,1041,Pune,General,2023-06-02,L1,Active
2827,William Foster,Compliance,Manager,1063,Pune,General,2022-06-16,L3,Active
2828,Jeffery White,Customer Support,Analyst,1007,Remote,General,2023-07-17,L2,Active
2829,Shawn Johnson,Operations,Senior Analyst,1085,Mumbai,Night,2025-10-31,L1,Active
2830,Rachael Fisher,HR,Team Lead,1005,Remote,Morning,2026-03-11,L4,Active
2831,Brian Davis,Technology,Senior Analyst,1007,Bangalore,Night,2021-09-28,L3,Active
2832,Amanda Cochran,Finance,Team Lead,1060,Pune,Morning,2025-07-25,L1,Inactive
2833,William Conrad,Customer Support,Executive,1080,Hyderabad,General,2025-10-20,L1,Active
2834,Larry Walker,Sales,Senior Analyst,1063,Bangalore,Night,2022-10-16,L2,Active
2835,Jamie Pena,Operations,Coordinator,1016,Remote,Night,2025-03-01,L4,Active
2836,Mr. David Tapia DDS,Compliance,Analyst,1055,Pune,Night,2023-12-17,L2,Active
2837,David Jones,Compliance,Executive,1078,Bangalore,General,2021-09-03,L2,Active
2838,Debra Davis,Sales,Senior Analyst,1062,Jaipur,General,2024-03-16,L4,Active
2839,Tyler Barrera,Customer Support,Executive,1033,Mumbai,Morning,2023-01-18,L4,Active
2840,Samuel Martinez,Sales,Team Lead,1041,Hyderabad,General,2025-09-06,L2,Active
2841,Timothy Garcia,Compliance,Associate,1064,Pune,Morning,2023-11-10,L3,Active
2842,Kelsey Johnson,Compliance,Manager,1002,Mumbai,Evening,2024-05-28,L2,Active
2843,Jeffrey Jackson,Finance,Team Lead,1051,Pune,Evening,2026-03-20,L1,Active
2844,Justin Clark,HR,Associate,1067,Mumbai,Morning,2022-07-12,L2,Active
2845,Holly Burton,HR,Senior Analyst,1015,Jaipur,Night,2024-01-03,L1,Active
2846,Mr. Kevin Mora,HR,Team Lead,1014,Mumbai,Evening,2022-10-01,L2,Inactive
2847,Kathy Collins,Finance,Associate,1029,Pune,Evening,2024-07-28,L1,Active
2848,Evan Branch,Sales,Analyst,1100,Hyderabad,Night,2025-04-24,L3,Inactive
2849,Jennifer Johnson,Operations,Executive,1082,Remote,General,2026-05-10,L4,Active
2850,George Haynes,Sales,Manager,1064,Mumbai,Morning,2022-03-09,L4,Active
2851,Charles Brown,Sales,Team Lead,1077,Pune,Night,2022-12-23,L4,Active
2852,Jeffrey Paul,HR,Analyst,1009,Pune,General,2026-02-01,L2,Active
2853,Jerome Zamora,Finance,Associate,1051,Remote,Evening,2021-07-19,L4,Inactive
2854,Melissa Morgan,Technology,Coordinator,1078,Mumbai,Evening,2023-08-13,L2,Inactive
2855,Debra Williams,Technology,Associate,1076,Bangalore,Evening,2024-02-01,L3,Active
2856,Aimee Jacobs,Sales,Associate,1082,Jaipur,Night,2022-05-04,L4,Active
2857,Kevin Higgins,Customer Support,Associate,1010,Pune,Night,2025-09-07,L2,Active
2858,Katelyn Vance,Finance,Executive,1029,Jaipur,Night,2024-04-26,L4,Inactive
2859,Victor Smith,Customer Support,Associate,1048,Bangalore,General,2026-01-07,L2,Inactive
2860,Stephanie Gonzalez,HR,Team Lead,1061,Jaipur,General,2021-09-03,L2,Inactive
2861,Melissa Oconnor,Compliance,Coordinator,1083,Pune,Evening,2024-02-09,L1,Active
2862,Curtis Davis,Finance,Coordinator,1008,Hyderabad,Night,2022-09-26,L3,Active
2863,Tom Weaver,Customer Support,Analyst,1086,Mumbai,Evening,2025-11-03,L3,Inactive
2864,Calvin Dawson,Sales,Manager,1050,Bangalore,Morning,2023-06-17,L4,Active
2865,Wendy Gonzales,Operations,Executive,1057,Remote,Evening,2025-02-13,L3,Active
2866,Penny Mcgee,Finance,Executive,1053,Bangalore,General,2024-10-12,L2,Active
2867,Lauren Buck,Operations,Coordinator,1073,Jaipur,Night,2022-11-23,L1,Active
2868,Donald Cantrell,HR,Executive,1047,Pune,Evening,2022-08-29,L4,Inactive
2869,Justin Zimmerman,Customer Support,Executive,1066,Mumbai,Night,2024-03-23,L3,Inactive
2870,Seth Coleman,Compliance,Analyst,1098,Remote,Evening,2023-10-14,L1,Active
2871,Charles Sutton DDS,Customer Support,Analyst,1028,Remote,Night,2023-02-03,L1,Inactive
2872,Brian Davis,Customer Support,Team Lead,1030,Jaipur,Morning,2025-02-12,L1,Inactive
2873,Tracy Schaefer,Compliance,Analyst,1010,Jaipur,General,2024-02-05,L2,Active
2874,Ethan Mcdonald,Customer Support,Manager,1055,Mumbai,Night,2023-12-22,L2,Active
2875,Jenny Price,HR,Executive,1020,Hyderabad,Night,2024-08-03,L1,Active
2876,Jason Davenport,Compliance,Associate,1001,Hyderabad,Morning,2022-05-19,L2,Active
2877,Jessica Todd,Customer Support,Coordinator,1088,Mumbai,Morning,2025-03-29,L2,Active
2878,Bonnie Gilbert,Sales,Executive,1020,Pune,Morning,2023-10-05,L1,Inactive
2879,Bonnie Byrd,HR,Senior Analyst,1005,Hyderabad,Morning,2025-11-24,L3,Inactive
2880,Briana Lucas,Compliance,Associate,1099,Remote,General,2023-06-08,L2,Active
2881,Matthew Adams,Sales,Team Lead,1089,Bangalore,Night,2024-02-13,L4,Active
2882,Angel Freeman,Customer Support,Senior Analyst,1070,Mumbai,Night,2024-11-06,L4,Active
2883,Zoe Payne,Customer Support,Team Lead,1082,Pune,Night,2021-11-16,L3,Inactive
2884,Alexis Bell,Operations,Senior Analyst,1038,Bangalore,Evening,2023-01-26,L4,Active
2885,Levi Larson,Sales,Manager,1063,Pune,Morning,2025-04-30,L4,Active
2886,Christopher Evans,Technology,Analyst,1037,Pune,Night,2021-08-19,L3,Active
2887,Kristin Wilcox,Compliance,Executive,1031,Bangalore,Morning,2025-03-22,L1,Inactive
2888,Stephanie Martinez,Compliance,Senior Analyst,1075,Remote,Night,2022-08-26,L2,Active
2889,Denise Robles,HR,Executive,1065,Jaipur,Night,2024-10-08,L3,Active
2890,William Williams,Technology,Analyst,1038,Bangalore,General,2024-04-24,L3,Active
2891,Christine Wells,Customer Support,Manager,1082,Pune,General,2023-08-29,L3,Inactive
2892,Matthew Bailey,Operations,Coordinator,1018,Remote,Morning,2023-10-08,L4,Inactive
2893,Dylan Osborn,Operations,Team Lead,1051,Mumbai,Morning,2021-07-25,L1,Inactive
2894,Cassandra Lewis,Sales,Associate,1041,Pune,Evening,2021-06-25,L1,Active
2895,Kenneth Wright,Finance,Coordinator,1038,Pune,General,2026-05-23,L2,Inactive
2896,Jodi Roman,Compliance,Executive,1062,Remote,Morning,2023-09-22,L1,Active
2897,Philip Thompson,Sales,Team Lead,1075,Bangalore,General,2025-10-25,L3,Active
2898,David Stephenson,Sales,Coordinator,1048,Remote,Evening,2022-09-22,L3,Active
2899,Larry Fernandez,Compliance,Coordinator,1065,Remote,General,2023-09-04,L3,Active
2900,Barbara Harris,Technology,Executive,1074,Hyderabad,Night,2022-03-20,L1,Inactive
2901,Scott Wright,Customer Support,Associate,1057,Jaipur,General,2021-12-30,L3,Active
2902,Lisa Miller,Operations,Team Lead,1082,Jaipur,Night,2026-01-01,L3,Active
2903,Kathleen Murphy,Finance,Coordinator,1016,Remote,Night,2025-01-22,L4,Active
2904,Terry Mckee,HR,Manager,1050,Mumbai,Morning,2022-09-20,L3,Active
2905,Suzanne Arias,Sales,Senior Analyst,1037,Jaipur,Night,2024-08-24,L2,Active
2906,Heidi Allen,Compliance,Team Lead,1100,Hyderabad,Night,2021-06-29,L2,Active
2907,Vernon Davis,Technology,Analyst,1098,Bangalore,General,2021-12-11,L1,Inactive
2908,Nicholas Garrett,Technology,Team Lead,1038,Jaipur,Evening,2024-10-05,L3,Active
2909,Danielle Ellison,HR,Team Lead,1071,Pune,Morning,2022-03-05,L2,Active
2910,Joseph Malone,Technology,Team Lead,1015,Hyderabad,General,2021-10-23,L2,Active
2911,Ashley Love,Operations,Analyst,1072,Jaipur,Evening,2024-01-28,L3,Inactive
2912,Gabrielle Simpson,Sales,Executive,1096,Hyderabad,Evening,2025-05-04,L1,Active
2913,Scott Stewart,Sales,Senior Analyst,1005,Remote,Morning,2023-10-09,L2,Inactive
2914,Jennifer Harrington,Technology,Team Lead,1054,Mumbai,Morning,2024-03-26,L3,Active
2915,Ashley Maldonado,Customer Support,Analyst,1047,Hyderabad,Night,2024-01-11,L4,Active
2916,Curtis Huber,Operations,Associate,1071,Hyderabad,Night,2022-07-06,L2,Active
2917,Karen Crawford,HR,Senior Analyst,1095,Pune,General,2025-11-12,L3,Active
2918,Donna Bell,Finance,Manager,1095,Hyderabad,Morning,2022-08-29,L4,Inactive
2919,Donna Benitez,Finance,Associate,1074,Bangalore,Night,2022-08-25,L2,Active
2920,Ruben Mckay,Sales,Coordinator,1096,Hyderabad,Evening,2023-05-24,L4,Active
2921,Joy Fowler,Sales,Associate,1005,Jaipur,General,2022-01-08,L4,Active
2922,Taylor Bailey,HR,Associate,1039,Pune,Morning,2023-06-17,L3,Active
2923,Roberta Huerta,Finance,Senior Analyst,1047,Pune,General,2024-06-03,L1,Active
2924,Samuel Young,Operations,Senior Analyst,1016,Mumbai,General,2026-02-18,L2,Active
2925,Kristy Moreno,Compliance,Coordinator,1088,Jaipur,Night,2025-01-29,L2,Active
2926,Scott Parks,Sales,Senior Analyst,1012,Bangalore,Evening,2024-09-25,L4,Inactive
2927,Anna Lawrence,Technology,Team Lead,1040,Hyderabad,Night,2022-11-19,L3,Active
2928,Sara Lee,Compliance,Manager,1042,Remote,Morning,2025-04-03,L1,Inactive
2929,Janet Harding,HR,Associate,1071,Bangalore,General,2022-06-02,L4,Active
2930,Dominique Osborn,Technology,Analyst,1003,Remote,Morning,2025-04-30,L2,Inactive
2931,Jacob Dunlap,Operations,Team Lead,1040,Jaipur,Night,2021-11-14,L4,Inactive
2932,Lisa Salinas,Finance,Senior Analyst,1064,Remote,Night,2024-03-10,L4,Active
2933,Elizabeth Wilson,Operations,Associate,1041,Bangalore,Morning,2022-12-11,L2,Active
2934,Adrian Holt,Compliance,Executive,1091,Bangalore,Night,2021-09-26,L3,Active
2935,Mary Chase,Technology,Team Lead,1005,Jaipur,Night,2022-10-13,L2,Active
2936,Steven Ryan,Operations,Executive,1004,Bangalore,Night,2022-08-24,L1,Inactive
2937,Christopher Norman,Compliance,Senior Analyst,1087,Hyderabad,Morning,2024-09-09,L1,Active
2938,Brian Miller,Compliance,Coordinator,1001,Bangalore,Evening,2024-06-23,L4,Active
2939,Joshua Moore,Finance,Senior Analyst,1010,Hyderabad,Evening,2021-09-09,L1,Active
2940,Parker Peterson,Operations,Manager,1021,Mumbai,Morning,2024-04-28,L4,Active
2941,John Noble,Compliance,Analyst,1049,Mumbai,Morning,2024-10-12,L2,Active
2942,Alicia Stephenson,Finance,Coordinator,1018,Mumbai,General,2022-12-12,L2,Active
2943,Stephanie Ford,HR,Analyst,1008,Hyderabad,Night,2026-03-06,L2,Active
2944,Kevin Bridges,HR,Senior Analyst,1051,Jaipur,Morning,2023-05-23,L1,Active
2945,Jonathan Powell,Compliance,Manager,1094,Remote,Evening,2025-07-04,L3,Active
2946,Jeffery Beasley,HR,Analyst,1053,Pune,Morning,2021-07-14,L1,Active
2947,Craig Davenport,Finance,Coordinator,1082,Remote,Night,2023-09-26,L2,Active
2948,Erika Watkins,Operations,Executive,1076,Remote,Evening,2023-07-08,L3,Inactive
2949,Kristopher Sharp,Finance,Team Lead,1043,Mumbai,Night,2022-01-17,L4,Active
2950,Brandon Mclean,Sales,Executive,1001,Hyderabad,General,2023-01-13,L1,Inactive
2951,James Figueroa,Compliance,Analyst,1044,Remote,Evening,2024-09-21,L1,Inactive
2952,Mr. Mark Thomas,Technology,Executive,1100,Jaipur,Morning,2024-11-26,L3,Active
2953,Robert Scott,Sales,Manager,1010,Bangalore,Night,2025-12-26,L2,Active
2954,Derek Henderson,Technology,Coordinator,1090,Hyderabad,Morning,2025-02-07,L2,Active
2955,Joshua Ramirez,Customer Support,Senior Analyst,1076,Remote,General,2022-01-03,L4,Active
2956,Selena Gordon,Sales,Senior Analyst,1052,Mumbai,Morning,2022-07-27,L4,Active
2957,Barbara Brown,Operations,Team Lead,1005,Jaipur,Evening,2022-09-04,L4,Active
2958,Aaron Gonzalez,Operations,Senior Analyst,1006,Remote,Evening,2024-04-08,L4,Active
2959,Carl Martin,Sales,Senior Analyst,1026,Mumbai,Morning,2024-06-19,L4,Active
2960,Erika Hill,HR,Coordinator,1030,Jaipur,Evening,2026-05-25,L4,Inactive
2961,Taylor Moore,Compliance,Team Lead,1058,Jaipur,General,2021-07-11,L3,Inactive
2962,Christopher Dougherty,Finance,Executive,1052,Pune,Morning,2024-05-09,L3,Active
2963,Zachary Sherman,HR,Executive,1051,Jaipur,Evening,2025-11-20,L4,Active
2964,John Larsen,Technology,Coordinator,1016,Remote,Morning,2024-02-01,L1,Inactive
2965,Angela Baldwin,HR,Manager,1083,Jaipur,Night,2026-04-25,L1,Active
2966,Nathan Kennedy,Compliance,Team Lead,1002,Remote,Night,2026-04-02,L4,Inactive
2967,Samantha Cervantes,Compliance,Senior Analyst,1059,Hyderabad,Night,2023-01-05,L4,Inactive
2968,Michael Adams,HR,Team Lead,1088,Jaipur,Evening,2025-12-01,L3,Inactive
2969,Autumn Sherman,Finance,Manager,1097,Hyderabad,Morning,2024-01-25,L3,Active
2970,Brandon Lewis,Customer Support,Manager,1020,Jaipur,General,2023-08-08,L3,Active
2971,Michaela Duncan,Technology,Associate,1001,Pune,Night,2021-10-29,L4,Active
2972,William Chung,Technology,Senior Analyst,1023,Mumbai,General,2023-03-29,L2,Inactive
2973,Johnny Williams,Compliance,Coordinator,1031,Hyderabad,Evening,2024-10-13,L2,Active
2974,Cynthia Brady,Compliance,Senior Analyst,1005,Bangalore,Morning,2023-09-03,L1,Active
2975,Jasmine Pace,Sales,Executive,1089,Bangalore,Evening,2021-09-02,L1,Active
2976,Kayla Mcdonald,Operations,Senior Analyst,1095,Bangalore,Morning,2025-04-24,L2,Active
2977,Elijah Becker,Sales,Team Lead,1081,Jaipur,Morning,2024-11-16,L3,Inactive
2978,Elizabeth Myers,Sales,Team Lead,1063,Hyderabad,Night,2023-04-26,L4,Active
2979,Nancy Mueller,HR,Associate,1067,Pune,Morning,2022-08-08,L3,Active
2980,Betty Rose,Compliance,Analyst,1071,Remote,General,2022-12-29,L4,Active
2981,Monica Nichols,Compliance,Coordinator,1085,Jaipur,Night,2025-11-17,L2,Active
2982,Erica Harrison,Technology,Coordinator,1047,Bangalore,Evening,2025-12-27,L3,Active
2983,Christine Bradford,Sales,Team Lead,1064,Pune,Evening,2024-04-25,L4,Active
2984,Victoria Simon,Customer Support,Senior Analyst,1024,Hyderabad,Evening,2025-09-11,L1,Active
2985,Kristin Mcknight,Compliance,Senior Analyst,1042,Remote,Morning,2026-02-28,L3,Active
2986,Adam Mejia,Finance,Manager,1090,Remote,Night,2022-02-27,L3,Active
2987,Billy Hubbard,Operations,Senior Analyst,1018,Remote,General,2022-02-27,L1,Active
2988,Dr. Melissa Francis,Sales,Senior Analyst,1059,Bangalore,Night,2021-10-25,L4,Active
2989,Justin Wallace,Customer Support,Coordinator,1020,Remote,General,2022-02-24,L4,Active
2990,Christopher Vargas,Finance,Associate,1050,Mumbai,Evening,2025-04-19,L2,Inactive
2991,James Brown,Sales,Analyst,1030,Mumbai,General,2026-04-12,L4,Active
2992,Laura Butler,HR,Team Lead,1014,Pune,General,2022-07-05,L3,Active
2993,Robert Collier,Technology,Analyst,1010,Pune,Night,2025-09-23,L4,Active
2994,Walter Mccormick,Sales,Senior Analyst,1071,Pune,Morning,2025-09-10,L2,Active
2995,Sharon Wright,Operations,Executive,1074,Pune,General,2025-11-12,L1,Active
2996,Kelly Davis,Compliance,Associate,1092,Bangalore,General,2022-11-21,L2,Active
2997,Patricia Bishop,HR,Analyst,1050,Mumbai,General,2022-08-19,L4,Inactive
2998,Kathy Jones,Customer Support,Senior Analyst,1078,Jaipur,Night,2021-11-23,L1,Inactive
2999,Joshua White,Operations,Coordinator,1075,Jaipur,General,2026-05-28,L2,Active
3000,Regina Cunningham,Finance,Senior Analyst,1066,Bangalore,Morning,2022-06-10,L1,Active
